Episode,Reward,Loss,Done
1,-165.20899792032424,0,True
2,-71.62514411339197,108.8515396118164,True
3,-120.81385276690524,33.98651123046875,True
4,-111.39476185603228,80.45219421386719,True
5,-124.66017007625707,44.78572082519531,True
6,-93.90587766886476,6.569823265075684,True
7,-243.1424744103553,23.33671760559082,True
8,-223.80866800758733,106.27169799804688,True
9,-108.54480039832006,21.295366287231445,True
10,-194.61007068373547,7.077383041381836,True
11,-230.64296916196898,7.707932949066162,True
12,-120.62141737615272,8.35288143157959,True
13,-118.01833949179282,2.1924636363983154,True
14,-131.31836884552246,25.12692642211914,True
15,-129.06534669440515,136.87783813476562,True
16,-69.24671135366596,34.105892181396484,True
17,-437.55383742740884,47.31770324707031,True
18,-261.7458421562666,71.12681579589844,True
19,-89.0913335771866,5.28872013092041,True
20,-120.18881190067916,32.14455032348633,True
21,-373.65429091020485,153.54595947265625,True
22,-496.32293639611305,26.048812866210938,True
23,-114.69457475679735,3.7318737506866455,True
24,-130.05203284629235,28.649505615234375,True
25,-56.87755094781511,17.226085662841797,True
26,-99.07041093824137,35.60528564453125,True
27,-261.18048103916294,15.432698249816895,True
28,-347.24969335551475,32.992244720458984,True
29,-146.79340828372045,9.28559684753418,True
30,-196.19786420775492,7.306929588317871,True
31,-342.40353415788275,59.42495346069336,True
32,-112.15156721268627,16.40308952331543,True
33,-184.3943398608908,95.42991638183594,True
34,-44.67673473893403,30.55263328552246,True
35,-126.15244255153269,108.03656005859375,True
36,-357.48708111861714,9.80423355102539,True
37,-127.10240282348687,44.846195220947266,True
38,-69.68714585842005,20.328338623046875,True
39,-72.1034491316687,27.209360122680664,True
40,-125.63703619249458,1.8421189785003662,True
41,-2.0655591092283885,38.360965728759766,True
42,-61.99836542949436,2.2828266620635986,True
43,-7.806675373699605,45.38839340209961,True
44,-94.10419721529342,20.147960662841797,True
45,-90.56806265151583,9.004770278930664,True
46,-81.05519589125309,142.96627807617188,True
47,-152.5588911695824,135.671875,True
48,-84.84636987148515,155.96368408203125,True
49,-215.8117741695915,4.491361141204834,True
50,-22.74813126387427,21.61530876159668,True
51,-100.99233768738577,3.715542793273926,True
52,-125.24102581192011,51.65281677246094,True
53,20.766450439915488,58.65574645996094,True
54,-336.40277273729225,11.99941635131836,True
55,-106.16792611378602,131.70103454589844,True
56,-183.01079878996154,94.1604995727539,True
57,-135.57932349173134,8.843010902404785,True
58,-183.10235447306366,21.66163444519043,True
59,-262.2465593188288,35.1193733215332,True
60,-73.82483939904465,39.09512710571289,True
61,-53.058152657254,19.166576385498047,True
62,-53.99507508270137,68.6995620727539,True
63,-100.79657491421494,12.428163528442383,True
64,-104.62053354377595,2.472987651824951,True
65,-136.01790905755328,8.931844711303711,True
66,-77.44287128058733,12.224565505981445,True
67,-164.88739042700098,11.326952934265137,True
68,-116.8882852335923,8.982154846191406,True
69,-148.63717288900074,5.0944061279296875,True
70,-330.6044356723369,9.466687202453613,True
71,-126.17076589267681,48.65272903442383,True
72,-69.94349292908524,2.0018725395202637,True
73,-87.49967654345187,5.516183376312256,True
74,-234.0115871159402,32.84688949584961,True
75,-82.45025710041801,6.185782432556152,True
76,-135.2254506038107,37.63402557373047,True
77,-62.51742751611101,2.110527276992798,True
78,-186.79355097207423,6.293230056762695,True
79,-46.4802742497382,12.737210273742676,True
80,-105.7320626439938,19.57512092590332,True
81,-84.77597537240275,17.421428680419922,True
82,-104.14574752829147,179.55630493164062,True
83,-14.410983952953345,18.018451690673828,True
84,-62.751283069974406,2.513978958129883,True
85,-19.37497921651378,3.7283806800842285,True
86,-69.70289220913918,7.293062686920166,True
87,-77.25736666659446,40.99293899536133,True
88,-20.16403701814197,34.96013259887695,True
89,-267.0731671270487,11.153063774108887,True
90,-108.84752516874022,14.681452751159668,True
91,-124.11792528327744,15.889135360717773,True
92,-169.5084046103593,105.25091552734375,True
93,-70.11372973270718,16.933629989624023,True
94,-154.4702888448346,12.866580963134766,True
95,-191.98820148244306,34.190555572509766,True
96,-97.85891951546147,25.345922470092773,True
97,-24.765211369116003,15.517439842224121,True
98,-133.0432369489685,33.88492965698242,True
99,-83.19781008894182,73.37044525146484,True
100,-84.98921159343598,18.724246978759766,True
101,-39.60984542834972,45.069847106933594,True
102,-93.10925642444619,2.678931713104248,True
103,-22.027471967185278,4.535131931304932,True
104,-56.29890995683015,4.815496921539307,True
105,-83.96178188264568,3.7716403007507324,True
106,-137.92650210955793,36.30794143676758,True
107,-88.56147260359496,22.440027236938477,True
108,-94.32983586995212,18.6152286529541,True
109,-127.31582914764614,20.81106948852539,True
110,-113.68350288694087,23.747934341430664,True
111,-47.174978491108206,22.123292922973633,True
112,-28.74835401054331,8.539138793945312,True
113,-90.98268670146676,11.402853965759277,True
114,-63.69389981140165,8.610451698303223,True
115,-131.27559580084852,23.18798065185547,True
116,-59.56177356115878,58.79513931274414,True
117,-88.49022310993402,171.77149963378906,True
118,-5.880693873540324,12.89395809173584,True
119,-84.81124128904736,32.632545471191406,True
120,-72.23410878515226,13.641019821166992,True
121,-249.66052296136652,5.555071830749512,True
122,-35.60318350972078,22.643835067749023,True
123,-34.63529910643159,20.728715896606445,True
124,-53.747842153895306,18.77853775024414,True
125,-59.85604610755328,83.58938598632812,True
126,-14.20486319122547,101.6285400390625,True
127,-69.0163326794865,7.291774749755859,True
128,-273.13681178470455,9.962002754211426,True
129,-3.234203029032571,5.029704570770264,True
130,-18.06934884569924,3.783108949661255,True
131,-52.1508702182168,1.623765230178833,True
132,-186.00529235414075,9.736457824707031,True
133,-65.64552584243314,6.021503925323486,True
134,-65.38794811855317,2.831155300140381,True
135,-95.60186719531715,16.524072647094727,True
136,-9.404066946165983,4.8371262550354,True
137,-8.182942169479418,42.68301010131836,True
138,-91.95007951211186,24.404653549194336,True
139,-33.834874227150635,58.59414291381836,True
140,-21.76961316859817,26.591487884521484,True
141,-131.08345985965988,30.8792667388916,True
142,-201.37408153918636,9.084787368774414,True
143,-159.3242233239423,55.8572998046875,True
144,-137.395074849585,51.70273208618164,True
145,-15.052778968869916,8.345101356506348,True
146,34.407747736086634,18.809120178222656,True
147,-51.29346174702056,15.702960014343262,True
148,35.91832091350504,16.791732788085938,False
149,-8.773969898484452,4.2847723960876465,True
150,-30.910061558728614,59.43144989013672,True
151,-179.86185742090663,8.872542381286621,True
152,-7.592587350192375,21.523151397705078,True
153,-44.58579571153585,22.74724006652832,True
154,19.695437618542115,21.308534622192383,False
155,-104.3150247549167,10.070610046386719,True
156,-10.876721322210088,9.585891723632812,True
157,-14.51826078880957,2.7788305282592773,True
158,-25.724846198716435,25.534912109375,False
159,-174.10649490943808,7.106940269470215,True
160,35.841849901314276,41.660369873046875,False
161,-8.01406181296926,14.464409828186035,True
162,-5.46729523043669,13.449772834777832,True
163,9.606122248829152,15.59360408782959,True
164,15.014294241011356,34.57701110839844,True
165,-22.11389543509803,7.949524402618408,False
166,-80.9464840926118,40.47898483276367,False
167,-60.009239724809426,196.50575256347656,False
168,36.46072642698522,22.60279655456543,True
169,-362.3770571408083,38.71961975097656,True
170,-70.86577729339481,4.976988315582275,True
171,-43.50805576953174,20.16439437866211,True
172,-34.01778038359452,32.719573974609375,False
173,-5.400748149117717,28.354652404785156,True
174,-34.700033689703616,14.278627395629883,True
175,19.704271855122897,7.849247932434082,True
176,6.7519281816893795,50.92754364013672,True
177,25.614338134167554,4.968812465667725,True
178,-81.4429221851781,7.89205265045166,True
179,-24.093518393112976,5.128804683685303,False
180,-202.29628312134878,5.9214630126953125,True
181,-80.21863901278951,51.19809341430664,False
182,-23.783137650575924,6.881121635437012,True
183,-266.2231180845997,18.35975456237793,True
184,40.5943558428244,18.039831161499023,False
185,1.5352290449260835,10.880929946899414,True
186,-78.74805403227745,5.487183570861816,True
187,-187.4435744556807,21.257343292236328,True
188,-15.376252007855726,59.0360221862793,True
189,7.2516224691443085,5.661362171173096,True
190,-185.19397075115398,11.922978401184082,True
191,10.741171991379925,6.957106590270996,False
192,-2.9553096667103915,10.2482271194458,True
193,-203.67955135073345,140.2660369873047,True
194,-11.524167963981498,18.79320526123047,True
195,30.26517519663767,17.62714385986328,True
196,-184.23733094161983,16.51272964477539,True
197,40.70260066404412,5.763772964477539,False
198,26.791455917797023,8.58698844909668,False
199,-30.930665380919407,12.247668266296387,True
200,7.945872839057762,3.757084608078003,False
201,9.198140567552358,5.974599361419678,False
202,-155.28993034553764,9.535600662231445,True
203,62.52397360813842,28.207406997680664,False
204,-4.186173721919716,11.179173469543457,False
205,34.915257248434614,5.575319766998291,False
206,-35.990789727946066,11.416287422180176,True
207,47.43012638345869,43.21516036987305,False
208,-152.01941733889416,99.66615295410156,True
209,8.363580813612288,3.8262879848480225,True
210,-4.083873982562878,28.814910888671875,True
211,2.058774682331131,16.467008590698242,False
212,59.51510793441993,5.419023513793945,False
213,85.10795547559772,22.114086151123047,False
214,-11.562902056821414,15.785439491271973,True
215,-208.06195124193425,27.42361068725586,True
216,53.70502854238332,4.5183210372924805,False
217,-10.20227218647598,10.168079376220703,True
218,59.34129600855802,27.643802642822266,False
219,81.40149625841694,14.501973152160645,False
220,84.07904726764437,4.980560779571533,False
221,85.8283193378704,15.894911766052246,False
222,36.2654854559535,6.855851173400879,False
223,55.97600534058901,13.86832332611084,False
224,-161.01357697804616,23.943580627441406,True
225,182.70384737052154,15.6904878616333,True
226,71.96084430301596,9.533510208129883,False
227,33.47176217164003,5.563724040985107,False
228,-19.91291897853823,4.488200664520264,True
229,34.59149908404471,6.343232154846191,False
230,75.33241617039407,12.662354469299316,False
231,81.69431025626753,41.916873931884766,False
232,-83.63751951041569,16.080591201782227,False
233,59.4615576130176,15.416096687316895,False
234,-3.7311693888200783,17.930530548095703,False
235,-14.104672058390037,8.164407730102539,True
236,-106.81763629948074,19.93895721435547,True
237,84.20047899948014,5.567327976226807,False
238,94.24519110168424,9.094295501708984,False
239,73.80800847509508,9.052421569824219,False
240,61.85327260934027,57.125980377197266,False
241,99.1986193479897,34.601871490478516,False
242,114.49830126240069,6.221032619476318,False
243,67.54344274293118,8.500619888305664,False
244,-34.66732457862893,3.4059574604034424,False
245,123.05093714015452,3.7878010272979736,False
246,66.25950603860223,5.815637111663818,False
247,67.57934959413484,60.675209045410156,False
248,128.96364270684717,4.163204669952393,False
249,77.98986877234574,7.042941570281982,False
250,67.2968494543189,29.95916175842285,False
251,-16.065783690550944,5.9244256019592285,True
252,67.3508823608725,10.92043685913086,False
253,67.28891779859083,6.452138423919678,False
254,-72.92336286021597,8.102622985839844,True
255,56.999312646505246,23.274471282958984,False
256,105.94597039250802,21.353099822998047,False
257,-13.517325952738588,7.0466179847717285,False
258,116.03296292140242,8.596722602844238,False
259,48.00955972999435,11.59041690826416,False
260,23.142670067016127,4.8085150718688965,False
261,89.34969471615508,6.35594367980957,False
262,61.80045196215104,9.02857494354248,False
263,33.45651576188741,4.868871212005615,False
264,-20.2745973239312,3.7834572792053223,False
265,83.34184234593322,8.804279327392578,False
266,47.96738482969954,31.43737030029297,False
267,84.65792538982504,3.7244491577148438,False
268,9.331946791287308,2.985544443130493,False
269,145.44142650660154,13.118884086608887,False
270,-101.70208994188035,6.9077959060668945,True
271,41.235776078143644,7.753822326660156,False
272,25.922261221955523,4.402186393737793,False
273,68.35136419812541,6.349509239196777,False
274,91.28495515576664,63.076141357421875,False
275,-39.04453227718524,3.5915868282318115,True
276,6.316491773853479,4.792360305786133,False
277,67.84687142849585,17.86777687072754,False
278,86.33067673695892,6.519254207611084,False
279,-21.313659408644483,8.71291732788086,True
280,61.278704172624074,4.350337028503418,False
281,-41.78098630973831,2.215702772140503,False
282,77.72871899925623,2.4921090602874756,False
283,81.7554349569221,4.3115234375,False
284,77.44158453280912,32.90966033935547,False
285,114.92148897336824,46.024940490722656,False
286,119.74674371679625,5.151795387268066,False
287,55.04707604707495,5.192527770996094,False
288,100.1646441887672,13.737189292907715,False
289,106.68879081260593,6.259238243103027,False
290,70.50645550355337,22.84297752380371,False
291,90.78402036063939,2.4595062732696533,False
292,147.23030623527015,44.07217025756836,False
293,131.8302594868262,43.18777084350586,False
294,112.4112742793971,3.0515921115875244,False
295,119.15207025695858,7.300496578216553,False
296,127.13990046057798,4.142973899841309,False
297,93.15297482998628,4.549079895019531,False
298,92.06554953761243,4.087130069732666,False
299,-188.7136931182735,2.9912548065185547,True
300,159.98567991951415,2.2748827934265137,False
301,111.93249150185466,13.490840911865234,False
302,100.07043481208318,3.1525018215179443,False
303,77.66291536532147,5.7433037757873535,False
304,232.3759268783863,3.516589641571045,True
305,134.0622350690421,5.117320537567139,False
306,20.283885861497737,8.211894035339355,True
307,241.8898980241859,4.6959123611450195,True
308,59.338142355273604,4.705521583557129,False
309,131.41433832110766,10.01884651184082,False
310,-2.4463262241236228,5.105081558227539,False
311,-100.15413074002407,2.653428792953491,True
312,120.05366232767015,39.270057678222656,False
313,146.49748483492255,26.270376205444336,False
314,102.38229236527533,4.852595806121826,False
315,-165.11477824765058,8.367186546325684,True
316,-131.1111351457866,2.695155382156372,True
317,71.35613923749078,12.994316101074219,False
318,110.4923761050015,12.260049819946289,False
319,116.20486259763885,5.558107376098633,False
320,246.90718125670946,5.214461326599121,True
321,104.54043113818648,3.7024483680725098,False
322,90.23113526214142,3.0771942138671875,False
323,101.19793037419716,5.111403942108154,False
324,149.4772091889949,4.190284729003906,False
325,117.47956203855279,9.40617561340332,False
326,87.10324490877521,82.10881042480469,False
327,209.9276260746458,3.116373300552368,True
328,-19.25756076792598,3.7115087509155273,True
329,178.4548399351991,2.2097601890563965,False
330,111.62114386931891,5.319790363311768,False
331,67.19407229910591,8.0592041015625,False
332,93.5437900888725,3.285069704055786,False
333,99.57744518643975,3.6983513832092285,False
334,124.4690880658486,21.166006088256836,False
335,105.01643508290721,25.54693603515625,False
336,277.62681440198156,5.692166805267334,True
337,128.38093845801666,7.136341571807861,False
338,136.97075756779353,3.3130009174346924,False
339,31.045202989325702,3.974419355392456,True
340,94.22488825983928,10.217799186706543,False
341,98.8406738705201,3.7659242153167725,False
342,103.34119553951679,32.6292839050293,False
343,128.63427227174395,2.7168736457824707,False
344,138.44561032634093,2.3903074264526367,False
345,77.0410682166267,13.489935874938965,False
346,-22.328466851856007,6.933128356933594,False
347,216.5944056867994,23.425594329833984,True
348,-153.64228983739696,4.419826984405518,True
349,55.94590845341949,20.541244506835938,False
350,211.77066841401324,3.5160906314849854,True
351,3.4607759851191107,24.84882354736328,False
352,230.98073210522267,5.596170902252197,True
353,111.49021244851842,2.845762014389038,False
354,24.614724196849316,64.570556640625,False
355,-201.5846995533642,4.223409652709961,True
356,-164.32741308127513,4.231266498565674,True
357,229.40002292680134,20.545175552368164,True
358,-142.39604260781329,2.6634039878845215,True
359,111.1657720852689,6.575314998626709,False
360,111.20266387458368,4.648136615753174,False
361,-214.4210460519705,9.89901351928711,True
362,-139.4267364834211,5.067015171051025,True
363,-119.1384959341421,4.47732400894165,True
364,51.04292675258229,154.6642608642578,False
365,207.74978748168027,18.60536766052246,True
366,131.31779547489822,5.359106540679932,False
367,154.48642929781363,2.84210205078125,False
368,-100.25536845592057,3.6219866275787354,False
369,-6.299967354010192,7.955331325531006,True
370,221.66125090093195,7.910036563873291,True
371,139.5657177927448,6.024457931518555,False
372,211.0016328960922,30.52153778076172,True
373,132.28232506638054,2.6976022720336914,False
374,153.9673723633286,6.205689430236816,False
375,97.08118396045563,13.953949928283691,False
376,291.6617568629679,3.9162936210632324,True
377,244.62199147320274,3.4470787048339844,True
378,97.77451065961792,2.8275630474090576,False
379,232.7934999993315,8.36859130859375,True
380,218.3527226220353,3.5234508514404297,True
381,206.9636865651998,7.226597785949707,True
382,41.95130897584548,2.840970277786255,True
383,264.96104246115976,15.050905227661133,True
384,196.81743489280723,4.709412097930908,True
385,146.33661576702752,7.131744384765625,False
386,139.18323258917064,22.880083084106445,False
387,234.02953164960098,11.489063262939453,True
388,218.6061294877195,3.8080523014068604,True
389,232.17965053746798,15.172625541687012,True
390,47.46980426467187,5.334811210632324,False
391,100.60278039200202,10.51718807220459,False
392,223.17067289915792,4.549936294555664,True
393,-204.48018856473848,1.506820797920227,True
394,239.04815517818463,6.3616623878479,True
395,163.92161401096783,5.706630706787109,False
396,112.52192435003427,1.5770068168640137,False
397,120.35743815303142,2.362313985824585,False
398,262.7376540845029,16.299015045166016,True
399,113.23682822564437,99.70001983642578,False
400,-42.25049732900504,4.324502944946289,True
401,-124.66634499337634,4.988674163818359,True
402,137.13292266333625,2.056246042251587,False
403,250.26267640160262,4.332292556762695,True
404,169.85645887464182,52.48371124267578,False
405,215.84267599936396,27.05069923400879,True
406,144.9340289037874,3.283484935760498,False
407,251.02264487101377,2.3560869693756104,True
408,13.944569567591815,9.061379432678223,False
409,219.12118848924143,6.788289546966553,True
410,242.40308364775748,2.5843749046325684,True
411,117.09507278768524,7.715670108795166,False
412,235.56128268279838,12.891170501708984,True
413,219.495836358487,2.2370948791503906,True
414,273.6645604624539,2.92790150642395,True
415,170.42029966404738,75.42498016357422,False
416,135.0977973091479,27.91043472290039,False
417,131.26884946315064,3.026873826980591,False
418,93.89026527938144,2.589759349822998,False
419,236.43275472960963,5.036787509918213,True
420,239.9269940022521,2.667881488800049,True
421,174.47401517930246,116.9046630859375,True
422,253.80968749860787,71.99092864990234,True
423,282.3746841816402,1.3701400756835938,True
424,275.7533512279641,1.7920851707458496,True
425,-182.8793224710052,55.04768371582031,True
426,232.50823237317104,2.801664352416992,True
427,250.7537848114741,4.047156810760498,True
428,268.80584933494487,4.634754657745361,True
429,-231.19692613951034,2.841732978820801,True
430,275.8926660999249,4.375931739807129,True
431,220.81689164126655,1.8604638576507568,True
432,-11.592193362357733,8.380291938781738,True
433,259.17931894632056,18.517587661743164,True
434,250.1447783653912,5.193359375,True
435,126.17454755111417,5.629194259643555,False
436,250.4094592260883,13.096220016479492,True
437,264.5842633237494,1.429858922958374,True
438,211.93865411914175,4.21240758895874,True
439,216.41759241767897,3.1076183319091797,True
440,120.56086052048187,2.6382827758789062,False
441,230.4997722992446,40.90442657470703,True
442,232.17658952762355,2.6492326259613037,True
443,190.61735437616971,2.175790548324585,True
444,238.2210515620998,6.667459011077881,True
445,232.39298416120434,6.920551776885986,True
446,283.18279422673976,4.259350776672363,True
447,266.3282625041027,3.260664701461792,True
448,200.99852028588242,2.5601162910461426,True
449,213.63022200382602,3.0434036254882812,True
450,230.61126275285184,7.292551040649414,True
451,221.66196007838312,2.5653417110443115,True
452,224.4150698125329,4.062772274017334,True
453,262.7961608611364,5.629423141479492,True
454,244.94532476533914,2.668607711791992,True
455,232.66412993919093,2.7888784408569336,True
456,262.87491098638895,10.431327819824219,True
457,238.1839392325773,7.533867835998535,True
458,192.3638917461874,3.683492422103882,True
459,229.49076020108225,4.17526388168335,True
460,225.74835853096016,22.610858917236328,True
461,221.50224726975026,10.195450782775879,True
462,275.0051386766673,5.345717430114746,True
463,153.42692973030208,2.0635902881622314,True
464,243.96991140123464,2.2613525390625,True
465,5.816113255910134,4.3414225578308105,False
466,-40.96459340550249,2.6057326793670654,True
467,159.10811094200716,1.519187331199646,True
468,257.22354858847086,1.6009823083877563,True
469,249.20403791573887,2.135655403137207,True
470,154.83009797563355,9.859930038452148,True
471,112.84750800981924,145.5463104248047,True
472,291.7212215711679,8.018481254577637,True
473,260.0974295071539,1.9532155990600586,True
474,282.6640084780564,5.621886253356934,True
475,243.77002660488952,78.41423034667969,True
476,199.9460624803456,15.785929679870605,True
477,245.34844695875023,5.509356498718262,True
478,219.92839570673254,64.63479614257812,True
479,251.61079872729258,2.9780964851379395,True
480,34.74849635180428,5.585777282714844,False
481,9.948007173561251,4.530515193939209,True
482,-413.173756672582,2.9686999320983887,True
483,-138.42921135167688,1.372674822807312,True
484,261.7179838525966,3.3067924976348877,True
485,257.21464547477774,4.535151481628418,True
486,230.97922208197355,3.7112622261047363,True
487,225.12845136642147,1.6844406127929688,True
488,231.90689512117936,38.47206497192383,True
489,265.61407149150153,10.425925254821777,True
490,239.55717971097076,2.53788685798645,True
491,278.05442446772116,3.8527965545654297,True
492,227.9682600162775,3.3601958751678467,True
493,195.51451151767083,2.8891634941101074,True
494,242.59431124479624,3.1229166984558105,True
495,-44.040066636765275,3.635232448577881,True
496,213.12769445618656,7.070605754852295,True
497,140.36720569106666,2.2219154834747314,False
498,243.56219807502117,1.8489145040512085,True
499,71.22713301619025,10.283025741577148,False
500,-294.55440850488196,2.809636116027832,True
501,190.80673265828602,4.989338397979736,True
502,229.2681971187315,65.00277709960938,True
503,251.3139199379311,6.58338737487793,True
504,216.0459311119322,3.8888232707977295,True
505,251.88349076612067,6.545848846435547,True
506,224.31567032497054,8.020233154296875,True
507,222.24299122183265,3.3232100009918213,True
508,-4.13266225584853,13.467988014221191,True
509,201.99011229530828,3.2436933517456055,True
510,202.59230299483275,1.947601079940796,True
511,254.7545390960193,2.7953569889068604,True
512,-156.47457253150185,3.665478467941284,True
513,199.74851688094145,6.24719762802124,True
514,-9.541695834472648,15.15788745880127,True
515,238.73106972097796,3.0830066204071045,True
516,82.2994360224346,7.737517356872559,False
517,84.40311866690435,3.195038318634033,False
518,235.18532466658033,8.728190422058105,True
519,170.75469717103869,23.85209083557129,True
520,244.81006321630727,2.303605079650879,True
521,113.15973865132709,32.11846160888672,False
522,27.983738785643194,3.124018430709839,False
523,193.2672617538716,3.7330172061920166,True
524,231.2060930824769,20.534597396850586,True
525,-55.76513875784313,19.51750373840332,False
526,283.86334134990625,2.5420589447021484,True
527,203.97739522633435,2.7837090492248535,True
528,286.0128030077208,2.282688617706299,True
529,265.3949541682349,34.98768615722656,True
530,222.47633571838344,4.406014919281006,True
531,235.37353066298192,2.065117120742798,True
532,282.3700338019962,1.4441860914230347,True
533,254.90573846436226,97.14492797851562,True
534,271.06921517763294,3.395599365234375,True
535,259.82138871202983,2.9022843837738037,True
536,272.2797585919472,3.473269462585449,True
537,277.8512029213597,7.524667739868164,True
538,210.55388924806414,2.2909886837005615,True
539,-230.06322722259017,5.7145891189575195,True
540,191.9889195393502,5.744975566864014,True
541,260.85914158795845,3.612791061401367,True
542,159.54387798736585,11.162436485290527,True
543,-88.19672114303467,2.9761881828308105,False
544,258.8203263812977,4.099250316619873,True
545,305.6428657768119,5.821310997009277,True
546,252.79702215507896,3.002833127975464,True
547,244.8906977984991,6.213457107543945,True
548,195.0022190065555,3.0966484546661377,True
549,249.45892657451435,18.658296585083008,True
550,-119.05585079901,6.870789527893066,True
551,250.42239639467877,16.62590980529785,True
552,225.97624958291186,2.7929773330688477,True
553,212.25280255129235,1.9952001571655273,True
554,254.3832945358571,2.2414965629577637,True
555,128.29430209844065,1.4699074029922485,True
556,213.06670707748464,7.099573612213135,True
557,278.377207813651,2.6283464431762695,True
558,197.63712832610065,1.2535203695297241,True
559,-45.741000090565414,68.69889831542969,False
560,225.34586295685716,6.053465366363525,True
561,-86.36848896743584,4.89875602722168,False
562,195.9022429817261,4.2333574295043945,True
563,-184.46674457016962,12.458521842956543,True
564,-17.12528143743929,12.167487144470215,False
565,270.7044279627413,20.968334197998047,True
566,150.5655836128849,3.655102491378784,True
567,216.1980876626156,4.901759624481201,True
568,201.6815255898744,11.863507270812988,True
569,-6.948072091839438,13.30257511138916,False
570,275.3929752677599,50.12513732910156,True
571,171.36248014731694,3.5663366317749023,True
572,207.13234445827032,2.0110859870910645,True
573,-37.984730265819685,5.08039665222168,False
574,294.5800117876157,2.4135496616363525,True
575,285.0024700792111,3.19736647605896,True
576,-227.91824099652308,4.696748733520508,True
577,-37.54436667234705,2.633026361465454,False
578,-45.76455082919555,11.793421745300293,False
579,-19.670733113544316,5.868971347808838,True
580,252.0146687957304,52.11731719970703,True
581,226.3530665702312,3.187230110168457,True
582,279.5651420383383,5.938616752624512,True
583,220.11014503440822,10.705936431884766,True
584,203.35866413557318,67.17189025878906,True
585,276.6119796641664,2.3341803550720215,True
586,267.22298459219553,8.794925689697266,True
587,-43.90726373385957,2.0214245319366455,False
588,270.44478841603524,4.271482467651367,True
589,142.7112811784581,2.743239402770996,True
590,262.2170931517844,61.930233001708984,True
591,221.69521398695997,28.014204025268555,True
592,199.23284968793666,7.07703971862793,True
593,256.1783631250209,5.350034236907959,True
594,218.38810362094495,4.069035530090332,True
595,220.23041454507157,4.584648132324219,True
596,158.5448297321668,29.535289764404297,True
597,209.69662111661899,3.423551559448242,True
598,261.58799429484446,12.597023963928223,True
599,233.47576301618196,1.8915536403656006,True
600,248.76295860494125,13.911540985107422,True
601,-44.48776267198189,2.598771810531616,False
602,-28.187838324893693,5.0435028076171875,False
603,232.0150090443706,31.54903221130371,True
604,-165.6615479194893,8.270907402038574,True
605,259.7154653881055,6.323554515838623,True
606,244.91340392281623,2.686211109161377,True
607,198.054350659369,3.3080577850341797,True
608,260.0167115396649,8.243978500366211,True
609,246.34450528016114,5.223147392272949,True
610,242.9088011962495,3.5383219718933105,True
611,-5.132219818690345,2.2723543643951416,True
612,4.537855157426293,50.37660217285156,False
613,237.06204729719724,4.605063438415527,True
614,220.98290044705567,18.322364807128906,True
615,278.3261001282124,2.071767807006836,True
616,258.14368423136796,6.977343559265137,True
617,260.8789212444517,5.498802185058594,True
618,252.86122055455155,2.5435678958892822,True
619,246.02035915521884,2.046976327896118,True
620,284.2301846114551,4.264413833618164,True
621,266.6615285315229,28.595327377319336,True
622,253.63262682440472,2.7461235523223877,True
623,255.28650447532763,15.478729248046875,True
624,254.24096231351848,2.971393346786499,True
625,298.47469777135245,4.101585388183594,True
626,263.58432543107074,17.394746780395508,True
627,261.4905607174825,3.6839559078216553,True
628,240.72111774365456,3.4105327129364014,True
629,-183.68118206672415,50.031898498535156,True
630,-192.41851810670227,2.517953395843506,True
631,272.40764232708705,4.205897331237793,True
632,234.61694753826436,10.724774360656738,True
633,196.10122991929018,52.20072937011719,True
634,249.241011855172,7.215425968170166,True
635,234.53697221095683,6.442292213439941,True
636,-264.6336678326329,2.940868854522705,True
637,274.1535108797316,2.2958853244781494,True
638,293.90190408246406,12.469195365905762,True
639,257.04426542597537,3.4637250900268555,True
640,259.2454665724737,4.73136043548584,True
641,264.0051994556703,2.6292881965637207,True
642,201.7627042048489,2.3416860103607178,True
643,264.0154630239032,2.902787446975708,True
644,222.74635334887847,3.086545705795288,True
645,249.12656937446195,3.1573376655578613,True
646,253.91667474812664,2.8718605041503906,True
647,287.1416319088977,10.680112838745117,True
648,251.21670872320007,51.91062927246094,True
649,224.76319840046307,1.5958895683288574,True
650,248.9658044021423,3.0779924392700195,True
651,189.5601837929147,33.623714447021484,True
652,182.01924839023567,11.515813827514648,True
653,256.37786775808485,3.158734083175659,True
654,203.99188560952115,12.638943672180176,True
655,245.7091858877584,18.191205978393555,True
656,252.07347542870102,2.641040086746216,True
657,223.7775695833301,1.157221794128418,True
658,252.7822434452196,4.9417548179626465,True
659,264.5358277088983,15.605911254882812,True
660,-130.3883364841527,17.720266342163086,True
661,271.8769873478416,2.9742746353149414,True
662,268.3557080836694,2.889484167098999,True
663,-7.67391385521787,3.943350076675415,False
664,188.59953625411276,0.8352051973342896,True
665,245.74383091045323,1.800752878189087,True
666,197.12493884706524,81.48352813720703,True
667,220.9690719048167,8.877532958984375,True
668,-212.0054559401469,23.65233039855957,True
669,268.07841022835044,3.0553698539733887,True
670,251.2046968112598,2.191401720046997,True
671,-109.95531292865098,4.542009353637695,True
672,219.5952586176369,2.023709535598755,True
673,217.42649553568958,4.20591926574707,True
674,256.10203073250744,12.435067176818848,True
675,253.5639716102223,2.4992525577545166,True
676,272.90649971291464,13.229167938232422,True
677,271.0913259631691,1.8098335266113281,True
678,252.46042365934545,55.302635192871094,True
679,249.69051969123987,3.6678991317749023,True
680,-54.42011442703851,4.970595359802246,True
681,29.868869956487544,2.792266845703125,True
682,234.38629410940905,10.989167213439941,True
683,262.2607010724429,3.1932194232940674,True
684,262.237430544895,3.5791234970092773,True
685,301.2375058185563,10.700434684753418,True
686,247.18374118048777,4.449402809143066,True
687,240.68013435712808,1.992316722869873,True
688,253.80842127521487,51.660648345947266,True
689,158.81009743849452,29.01402473449707,True
690,229.43695280977957,45.038143157958984,True
691,244.3366187595212,2.2429275512695312,True
692,197.47918320445027,14.703330039978027,True
693,203.91820007170585,11.179683685302734,True
694,263.87360108768877,2.044559955596924,True
695,223.88139298787627,2.8317785263061523,True
696,180.73027556897335,3.9755632877349854,True
697,225.99689148353008,13.246392250061035,True
698,262.53214282556485,1.9576727151870728,True
699,263.7904187852066,2.1511991024017334,True
700,269.48175186504307,1.6547640562057495,True
701,-37.679770276250004,9.698112487792969,True
702,232.09928913955795,33.363059997558594,True
703,75.18164138710142,4.874811172485352,False
704,244.6362362451553,39.77042770385742,True
705,280.80727034930794,2.3658673763275146,True
706,224.92580790095457,1.927398920059204,True
707,210.65210449645866,31.378585815429688,True
708,230.0507115385275,6.639806747436523,True
709,261.6475245435664,3.3032729625701904,True
710,290.4778948644841,3.748444080352783,True
711,-1.2159342094434322,5.295416355133057,True
712,169.7451342495217,3.3336987495422363,True
713,291.7477443461059,4.169828414916992,True
714,199.87875895962134,3.9907381534576416,True
715,177.5282269176942,1.768662691116333,True
716,241.86729023934814,1.7219918966293335,True
717,208.0560620758537,2.8485171794891357,True
718,238.8793675398418,1.768205165863037,True
719,265.16850437964024,1.7564034461975098,True
720,225.64315717847816,2.1555533409118652,True
721,249.62485105028134,2.743495225906372,True
722,226.68030901773957,19.309947967529297,True
723,227.5758443595858,3.597966432571411,True
724,246.27570724238086,3.160825729370117,True
725,192.793690578182,3.4145419597625732,True
726,186.91159126217866,3.3688998222351074,True
727,257.08331909287585,3.5522401332855225,True
728,167.35096196492418,6.070093631744385,True
729,159.83573287057342,7.076887130737305,True
730,254.88534752060687,2.741502046585083,True
731,228.39070992338523,1.8864024877548218,True
732,228.37323132372697,8.170413970947266,True
733,238.81157583275515,4.6975908279418945,True
734,263.74297522938195,2.224576950073242,True
735,242.52256107990053,1.2820217609405518,True
736,272.7299571231855,1.3815960884094238,True
737,215.83873267160845,3.4336025714874268,True
738,274.3907079810536,23.29875373840332,True
739,264.69430911154063,5.135709285736084,True
740,242.31280864834702,4.1850152015686035,True
741,271.38387576748755,6.014421463012695,True
742,210.86401406218428,3.8183038234710693,True
743,258.1535704181226,2.4306960105895996,True
744,251.61587634860675,47.01304244995117,True
745,230.70364739193974,3.370070457458496,True
746,241.440500230599,1.7231837511062622,True
747,262.7714675779538,14.578746795654297,True
748,249.57983871838786,16.845983505249023,True
749,212.5091859543714,4.3086676597595215,True
750,237.83112575500473,1.949363350868225,True
751,270.9009412157381,1.5477252006530762,True
752,262.6777115896722,20.202083587646484,True
753,258.60693019608607,10.249471664428711,True
754,19.02169731242546,4.374145030975342,True
755,219.58235634222015,14.196901321411133,True
756,257.0103015305343,7.394029140472412,True
757,228.91331160973542,1.889159917831421,True
758,231.48073274146657,53.80236053466797,True
759,236.4971666874643,13.456374168395996,True
760,197.39363297515303,1.7543247938156128,True
761,226.3016581592455,42.38856887817383,True
762,-138.03139322646916,5.065824508666992,True
763,246.70763537898205,24.643573760986328,True
764,262.3574879905452,6.000051021575928,True
765,274.9583082221003,1.1047738790512085,True
766,110.52195257530201,1.5963399410247803,False
767,249.04357515673843,18.252120971679688,True
768,245.17357668310513,2.105976104736328,True
769,249.18638095542593,1.6322150230407715,True
770,267.7478044836362,6.629244327545166,True
771,281.84209050079056,42.647342681884766,True
772,234.5523045297721,8.440963745117188,True
773,145.106882539719,1.8705912828445435,True
774,218.3032519022628,2.6243832111358643,True
775,273.6839902796911,40.9810676574707,True
776,234.2529024490662,7.175932884216309,True
777,269.3392789441165,3.228713035583496,True
778,211.64251289619403,40.38965606689453,True
779,227.23699804781333,2.061007499694824,True
780,274.8537227243385,4.086742877960205,True
781,253.33732238463983,3.1622912883758545,True
782,262.6028465646855,16.73354721069336,True
783,230.05687200501256,5.904896259307861,True
784,235.0991298822217,4.8744306564331055,True
785,241.33698265384075,1.748704195022583,True
786,178.47260279018974,3.142620801925659,True
787,248.8873261361112,12.809515953063965,True
788,232.55226829150658,7.943795204162598,True
789,221.38311953470486,4.375969886779785,True
790,282.9519480952522,3.597201347351074,True
791,225.6572439558629,4.061102390289307,True
792,239.77759932957974,4.709697246551514,True
793,-200.78519614232832,2.1070828437805176,True
794,243.46955174409854,2.19824481010437,True
795,216.4582815185247,2.777500867843628,True
796,289.64991810538186,1.6149860620498657,True
797,272.7623957679041,12.343672752380371,True
798,215.9818651451809,475.84906005859375,True
799,219.4308211666891,2.3240044116973877,True
800,223.6105068714557,1.9149870872497559,True
801,274.8827944196209,23.606090545654297,True
802,258.1936803023129,1.6353576183319092,True
803,261.72215126852495,18.22748565673828,True
804,143.5420685250113,4.965444087982178,True
805,252.8712473092562,2.5981948375701904,True
806,265.5957684720178,6.398404598236084,True
807,271.68791011096994,1.1450759172439575,True
808,259.0586641314346,2.302640914916992,True
809,264.4077811966649,1.6984434127807617,True
810,247.67103401869642,1.658084511756897,True
811,259.35124257278846,1.95429265499115,True
812,252.46912682055864,17.79570770263672,True
813,255.09772109981716,18.897390365600586,True
814,256.1765318215657,25.77473258972168,True
815,223.9659755525337,2.829944610595703,True
816,267.72463443758915,7.098720073699951,True
817,264.24030769816443,2.564687490463257,True
818,262.81373205585174,3.1545681953430176,True
819,266.9654855771695,1.8081423044204712,True
820,-123.72203734880206,1.8902217149734497,True
821,263.63866224557904,2.1045970916748047,True
822,266.9097786538813,3.578505754470825,True
823,292.76562218793606,16.971784591674805,True
824,215.59663072431954,3.264986276626587,True
825,177.49986964158288,4.034411907196045,True
826,293.84124146147894,1.756608247756958,True
827,158.41269717732712,2.1757876873016357,True
828,262.0240947744691,15.22652530670166,True
829,244.76056384349081,2.0275192260742188,True
830,-161.04862969206542,2.0574755668640137,True
831,4.89526721607443,4.846147537231445,True
832,226.25102220769128,2.442023754119873,True
833,229.65130644047332,16.292213439941406,True
834,268.6497268239583,55.15274429321289,True
835,-96.32645038604788,2.918668746948242,True
836,237.75212666238508,31.152912139892578,True
837,207.0007618366721,8.559290885925293,True
838,168.14569865726227,38.152305603027344,True
839,263.4259219300394,2.777461528778076,True
840,252.2059425803257,7.287208080291748,True
841,244.0761188224222,1.1926437616348267,True
842,257.8845485413017,1.6143978834152222,True
843,207.28835041170777,30.631893157958984,True
844,224.34794026480762,3.312516927719116,True
845,292.03209891091797,6.685560703277588,True
846,-69.04311975414475,2.3746395111083984,True
847,255.01125645458384,5.9797492027282715,True
848,237.67342801684194,45.08208465576172,True
849,248.89213168827666,2.8353190422058105,True
850,217.94951044425892,1.8075281381607056,True
851,196.05055177263137,7.735576152801514,True
852,202.19737213494392,8.117325782775879,True
853,228.32426669652222,2.8844082355499268,True
854,260.15766548196706,1.2825878858566284,True
855,288.3707028369253,5.879781246185303,True
856,-50.75530484653173,38.98228073120117,True
857,238.75995188348415,7.548976898193359,True
858,259.61517869814156,2.453946590423584,True
859,188.85401952697188,2.944528818130493,True
860,173.73525952129017,2.170959711074829,True
861,238.7630764812335,1.9286679029464722,True
862,296.1260347797331,8.222498893737793,True
863,211.3743125632916,4.622733116149902,True
864,285.0224260854724,4.010819911956787,True
865,202.19665366669093,2.288088083267212,True
866,172.95950824657723,8.950761795043945,True
867,256.6694490064345,4.140219211578369,True
868,212.81883884718093,3.543257474899292,True
869,262.62995807250604,2.334869146347046,True
870,203.9922852787735,3.1503288745880127,True
871,239.24011147181633,4.804868221282959,True
872,276.3647867964274,6.89640998840332,True
873,232.49683461000072,164.53379821777344,True
874,264.922173199044,4.29503870010376,True
875,219.12448913535673,6.414927959442139,True
876,220.49147430716806,18.992422103881836,True
877,218.14738145608248,1.8352121114730835,True
878,195.60005409136895,1.4447890520095825,True
879,162.58375606805652,1.8469970226287842,True
880,236.8737469856208,9.348358154296875,True
881,178.28513965404193,3.895761251449585,True
882,275.2275757085246,2.1522765159606934,True
883,250.07937072545587,10.450092315673828,True
884,195.88874525305943,44.62497329711914,True
885,256.4062659697023,29.941423416137695,True
886,276.81037960133483,22.27109718322754,True
887,263.35249706034415,2.2441012859344482,True
888,207.9385882418968,3.648562431335449,True
889,139.89841169158825,3.0905299186706543,True
890,-9.597674360776207,11.815048217773438,False
891,171.0146507919643,1.5469378232955933,True
892,184.1971976992337,58.99369430541992,True
893,265.81986614420975,1.900595784187317,True
894,-43.04250035857879,1.6905648708343506,False
895,156.4480362850532,21.79718017578125,True
896,197.89289332709888,29.551237106323242,True
897,230.88616515944304,136.03378295898438,True
898,235.23408730416472,1.2487173080444336,True
899,225.2983074791856,1.581170916557312,True
900,234.8310210041702,11.4706392288208,True
901,223.70613560768072,3.253986120223999,True
902,268.8119160555524,1.043164849281311,True
903,253.04343545215497,3.149272918701172,True
904,295.04645308580393,3.5039799213409424,True
905,141.04288671470832,2.0441322326660156,True
906,158.90128787198668,13.376809120178223,True
907,188.63922241554826,2.5288901329040527,True
908,152.1503669658431,31.09701919555664,True
909,242.88398077554618,2.234285593032837,True
910,-341.09461103494607,18.176212310791016,True
911,-90.56856471829545,1.6154061555862427,True
912,238.4419638996529,3.7594709396362305,True
913,196.94040270106012,2.7782256603240967,True
914,170.17360394930813,2.2087502479553223,True
915,199.9276600583361,160.37405395507812,True
916,268.57027001831943,53.496639251708984,True
917,187.14630521779313,3.527956962585449,True
918,160.87791608655203,7.688788890838623,True
919,229.35996927645664,1.3833868503570557,True
920,250.82695281544716,27.64662742614746,True
921,262.63303926652554,1.5179424285888672,True
922,251.83084365786095,26.370527267456055,True
923,-52.63838891441598,1.4876177310943604,True
924,248.47307220199204,2.674311399459839,True
925,232.17090644683788,1.24901282787323,True
926,259.5517454834502,2.399958848953247,True
927,241.56958240005645,10.773694038391113,True
928,284.224308750779,5.789943695068359,True
929,18.57504392797165,14.249523162841797,True
930,215.28608200680486,1.2478673458099365,True
931,174.53116873116187,2.5244603157043457,True
932,187.340062433911,1.9243093729019165,True
933,186.2087716978092,1.966028094291687,True
934,240.09714266953102,2.403414487838745,True
935,231.1920498004247,4.762728214263916,True
936,189.98625360104765,35.164695739746094,True
937,268.3641991310159,2.707253932952881,True
938,236.1967774558058,86.72337341308594,True
939,-69.52121679005602,1.7641772031784058,True
940,175.75492519906922,1.8447179794311523,True
941,196.88434675190615,14.588573455810547,True
942,202.9673148604641,3.4959301948547363,True
943,9.777105001946381,3.9854185581207275,True
944,254.0685816888349,4.961167335510254,True
945,195.3438228533621,2.820667028427124,True
946,212.5523764772946,3.2061169147491455,True
947,271.23195876691034,1.7952134609222412,True
948,150.02586960930435,6.95007848739624,True
949,231.5690479903871,2.555814504623413,True
950,201.552836806151,15.997179985046387,True
951,240.96674121980996,13.64083194732666,True
952,248.3368583382835,3.6065852642059326,True
953,214.94277164435277,2.627706289291382,True
954,237.13959866877843,1.896293044090271,True
955,266.2722323554988,3.5832998752593994,True
956,205.18701975737497,1.2370588779449463,True
957,282.5385137438042,2.640913248062134,True
958,208.53805062561375,2.0523111820220947,True
959,191.266875775669,1.4077367782592773,True
960,253.17166254277038,2.4345431327819824,True
961,258.94883047589565,1.4099889993667603,True
962,246.6623079634098,2.265277862548828,True
963,222.6723857404103,3.9855546951293945,True
964,204.61896332370287,1.5148205757141113,True
965,199.4370440329447,2.587815284729004,True
966,217.74491105481718,9.61124324798584,True
967,241.67631811240298,25.485755920410156,True
968,232.88271177448536,2.327653646469116,True
969,221.77970376411884,22.641469955444336,True
970,241.7941763039332,5.772109031677246,True
971,176.31593614909903,2.894688606262207,True
972,231.1472840449195,30.27806854248047,True
973,236.54024698096717,2.787583589553833,True
974,268.4202133146277,24.521818161010742,True
975,267.583184631763,26.03490447998047,True
976,28.26169805160012,4.533825397491455,True
977,246.68967094517902,1.9660531282424927,True
978,259.87775059586033,1.4713445901870728,True
979,141.666849990812,1.9896425008773804,True
980,209.8718668344274,3.0376641750335693,True
981,248.6168951783602,4.170637607574463,True
982,224.9277297475626,1.9650318622589111,True
983,287.28058483211305,3.886296272277832,True
984,224.0199749835836,22.04356575012207,True
985,229.95529913351237,2.7107462882995605,True
986,273.4114916192377,2.1036007404327393,True
987,292.65931037559756,1.0043154954910278,True
988,186.12544889268298,4.656655311584473,True
989,282.47224458982146,3.1972157955169678,True
990,188.18471468196185,3.3665056228637695,True
991,244.63647052103966,9.855888366699219,True
992,238.69220200156607,4.983999729156494,True
993,211.92372318653955,1.9448964595794678,True
994,235.618485586818,21.67870330810547,True
995,180.10361616501106,25.21830940246582,True
996,279.44322203166723,1.7067705392837524,True
997,244.60078817964578,1.472007393836975,True
998,275.2750173404477,24.604267120361328,True
999,272.0016739393599,19.11039161682129,True
1000,221.44928497677094,2.9324254989624023,True
1001,203.83053522905527,1.5697213411331177,True
1002,262.23068237131,2.243192434310913,True
1003,183.51090703350945,2.101820230484009,True
1004,180.24638091646065,1.581895112991333,True
1005,183.52067868292602,3.6549031734466553,True
1006,270.57352264252285,3.729795217514038,True
1007,248.786545166226,3.5027763843536377,True
1008,-91.88930820469784,3.5572237968444824,True
1009,206.84109729970544,3.991002321243286,True
1010,176.64922555964745,31.23945426940918,True
1011,169.8339347174566,17.860849380493164,True
1012,277.29589085451005,180.0166778564453,True
1013,270.8133071802414,199.3787384033203,True
1014,188.95897683870945,2.0274553298950195,True
1015,248.54111297776515,2.607799530029297,True
1016,117.8903191658288,13.33420467376709,True
1017,192.0323438992781,3.516744375228882,True
1018,224.34176637384246,1.5935410261154175,True
1019,250.75939351499426,12.558127403259277,True
1020,197.593607911677,5.515803337097168,True
1021,242.38708514275078,3.494830846786499,True
1022,273.87464922635525,3.653275966644287,True
1023,256.64561132394874,3.08595871925354,True
1024,231.20553652775556,14.958748817443848,True
1025,274.2717497584638,33.209800720214844,True
1026,192.61306831288803,1.0536770820617676,True
1027,259.15028577841065,28.19985580444336,True
1028,249.73837608088505,2.2430107593536377,True
1029,211.46850366963793,11.608953475952148,True
1030,154.97800396985977,3.3776941299438477,True
1031,236.29231163082574,3.2363247871398926,True
1032,274.17024308746517,1.4821478128433228,True
1033,-0.06938793650625996,3.697801351547241,True
1034,117.64952403737412,7.3990631103515625,True
1035,242.7123746901145,1.7459821701049805,True
1036,176.43366824679924,2.168658971786499,True
1037,273.8833011064038,24.83665657043457,True
1038,270.0756746739654,2.027742862701416,True
1039,264.01127338422134,3.0692291259765625,True
1040,282.99800186847693,12.447943687438965,True
1041,214.82189218117833,1.5794543027877808,True
1042,233.19892592241308,9.075528144836426,True
1043,243.96818454023432,3.7179648876190186,True
1044,252.08098280367886,2.42299222946167,True
1045,201.808851608459,22.926515579223633,True
1046,187.12122957719885,2.938319683074951,True
1047,226.62947064813557,3.0580406188964844,True
1048,226.16556107786332,1.924977421760559,True
1049,258.5230737339406,41.72108840942383,True
1050,223.30782671794333,32.13163375854492,True
1051,226.40928730799604,1.29088294506073,True
1052,232.84875046565358,5.208319187164307,True
1053,176.90792170409216,3.7823970317840576,True
1054,230.35088082150725,1.8154019117355347,True
1055,305.5635376717206,3.294241189956665,True
1056,291.9976513359637,4.595576286315918,True
1057,196.8079150269849,4.443342685699463,True
1058,197.58798896407802,2.0454952716827393,True
1059,192.28968770110663,4.910503387451172,True
1060,269.23059210934,1.903252363204956,True
1061,255.67432823844575,2.106062650680542,True
1062,228.54012672721436,1.6056630611419678,True
1063,210.48150483636778,1.9670604467391968,True
1064,296.5909060784554,8.828359603881836,True
1065,293.80809361311526,2.7833666801452637,True
1066,286.91566306419634,1.6463816165924072,True
1067,262.6991728877231,77.54684448242188,True
1068,225.57589089790662,1.8467283248901367,True
1069,276.6292084064599,2.6950714588165283,True
1070,210.75598788053796,21.771326065063477,True
1071,276.8390123980496,4.806560039520264,True
1072,203.79207987475266,20.663305282592773,True
1073,243.924617592086,18.838125228881836,True
1074,232.3124691384891,1.978381872177124,True
1075,220.5126425114861,41.11616134643555,True
1076,204.85594308091765,5.558960437774658,True
1077,101.94353460546031,12.385093688964844,True
1078,301.9830462030404,3.3065876960754395,True
1079,271.2757031044326,2.7984862327575684,True
1080,241.72519566519674,62.4963493347168,True
1081,245.15223049134613,252.98326110839844,True
1082,191.53170799844924,3.3052873611450195,True
1083,178.89246748704142,11.06754207611084,True
1084,265.16940032336936,9.530275344848633,True
1085,257.08575634714737,1.142746090888977,True
1086,251.72316736616725,3.693195104598999,True
1087,273.2393232641598,22.641944885253906,True
1088,240.36965980607172,2.4361398220062256,True
1089,291.39439549878625,23.60125160217285,True
1090,214.2134942686379,4.061558246612549,True
1091,130.17048970505928,2.2563202381134033,False
1092,223.1773318584476,1.846251368522644,True
1093,237.98689059685705,3.1337838172912598,True
1094,224.44949041743186,1.7244890928268433,True
1095,183.9974140062866,4.6746649742126465,True
1096,277.5555070450872,7.642820358276367,True
1097,161.55627965473633,3.7131309509277344,True
1098,231.18593967795,48.77940368652344,True
1099,262.47990493872,4.812647819519043,True
1100,246.88413240949322,3.7499446868896484,True
1101,187.93160349546005,3.3927502632141113,True
1102,259.90095483328565,20.4450626373291,True
1103,193.0148442816138,4.577995300292969,True
1104,206.98535733659855,2.3702456951141357,True
1105,224.6967988864576,2.564722776412964,True
1106,296.89735936806665,1.7562050819396973,True
1107,300.9852279931363,2.456458330154419,True
1108,218.55626932938426,2.825791597366333,True
1109,259.88668115513235,5.255171775817871,True
1110,290.3774378572508,3.4262492656707764,True
1111,293.9868056541628,1.655524730682373,True
1112,212.27308124122794,10.145519256591797,True
1113,252.66369140418473,8.097332954406738,True
1114,268.1164015398105,4.977099895477295,True
1115,240.92385879634654,7.526219367980957,True
1116,265.98396726785086,5.782938480377197,True
1117,292.8883360710763,6.985991477966309,True
1118,190.61792231496457,10.391144752502441,True
1119,242.2926991267571,2.1233742237091064,True
1120,259.9675732486999,13.390229225158691,True
1121,-62.62173203934903,1.9285812377929688,False
1122,274.9938168383893,25.93745994567871,True
1123,298.37713697320123,22.68738555908203,True
1124,272.5218015973662,3.622455358505249,True
1125,241.24224893885545,1.5629395246505737,True
1126,227.33041921414434,3.322453022003174,True
1127,161.1179234944766,8.86528491973877,True
1128,291.6807748250051,4.944332122802734,True
1129,241.49880015577332,8.91339111328125,True
1130,262.5704260788864,3.4778764247894287,True
1131,194.95052730097785,23.09169578552246,True
1132,259.82690136977226,1.7673100233078003,True
1133,277.4095178315431,1.9527310132980347,True
1134,293.54228002652206,3.3133325576782227,True
1135,222.68229438936515,4.046040058135986,True
1136,245.02425441618502,5.146133899688721,True
1137,228.11713174765416,5.5541911125183105,True
1138,268.1949553483573,3.693547010421753,True
1139,273.94663805612197,2.6748461723327637,True
1140,263.0015078139303,3.680392265319824,True
1141,293.9465895895721,17.91422462463379,True
1142,219.75419468695384,4.691325664520264,True
1143,285.1727928494334,1.2204632759094238,True
1144,283.0781839963604,114.16383361816406,True
1145,301.1364075406699,5.612637042999268,True
1146,199.44058164408926,2.3716537952423096,True
1147,243.516928898742,2.675081491470337,True
1148,240.48222006121568,3.2333984375,True
1149,214.66610760145065,37.64452362060547,True
1150,273.4962079427667,5.0351362228393555,True
1151,219.53772636152846,4.451873302459717,True
