Episode,Reward,Loss,Average_loss,Ema_loss,Q_Targets,Q_Expected,Done
1,-96.47063181998715,0,0,0,0,0,True
2,-92.65632099442972,4.507938861846924,66.77622359449214,1.4514278641543512,0.2849632203578949,-0.12984812259674072,True
3,-131.15012361054823,1.220360517501831,84.22401266892751,3.7100167358273155,-0.3975013196468353,-0.3790498673915863,True
4,-75.39058251714286,131.84060668945312,92.34388612769544,5.740360011111557,-0.41133448481559753,-0.5206801295280457,True
5,-64.24553717614543,226.92474365234375,101.06373138067335,8.368322478018326,-1.5456042289733887,-0.5786121487617493,True
6,-293.5047692782192,198.57757568359375,107.28025984657663,11.432491353092663,-2.3661694526672363,-0.7824609279632568,True
7,-111.70826414409099,190.75787353515625,106.13898161075097,13.824372412372146,-2.5473005771636963,-1.0681991577148438,True
8,-286.607690637072,195.94699096679688,109.04834952895627,16.48156034852343,-2.594376802444458,-1.0884331464767456,True
9,-196.03851920161128,98.17719268798828,105.73538260526128,17.451622439237735,-1.4092984199523926,-0.9915911555290222,True
10,-9.238469877323737,299.5829162597656,101.23844731962959,19.530738647969528,-2.8256285190582275,-1.2936517000198364,True
11,-72.32583264755883,177.61805725097656,102.08262997410863,22.46718370118337,-2.738483190536499,-1.154814600944519,True
12,-116.34765181875649,161.88084411621094,103.08299383643862,24.15271664631728,-2.4243698120117188,-1.4545345306396484,True
13,-282.05332087649253,72.1431884765625,102.8674628915819,26.346594421531282,-1.3687920570373535,-1.5667648315429688,True
14,-84.62243220170481,9.495261192321777,102.55422933357372,27.83947551098062,-0.28101062774658203,-1.2264453172683716,True
15,-266.6933258384713,95.84978485107422,100.87500410848821,28.83063462073611,0.253169983625412,-0.887604832649231,True
16,-184.68384101021206,308.1448059082031,100.81869264443715,30.169759147541885,-3.5607991218566895,-1.4569218158721924,True
17,-474.6292499461165,96.46498107910156,101.40114085498145,31.925815316159667,0.41799893975257874,-0.7947298884391785,True
18,-118.14972541381167,103.79185485839844,99.79288023900634,33.197924234247914,-1.48577082157135,-1.702892541885376,True
19,-198.77150408077233,171.7067413330078,99.17642615831227,34.846490512505184,-3.0302844047546387,-1.5858991146087646,True
20,-247.4955067917152,71.36310577392578,99.56241460873451,36.67588517936353,-2.19645619392395,-2.4571776390075684,True
21,-166.12515481580533,162.82711791992188,97.90087618007811,38.38321654502139,-2.8819117546081543,-1.4221432209014893,True
22,-323.31936743019753,121.10640716552734,96.62819968188218,40.59772936198495,-2.793137550354004,-1.8905348777770996,True
23,-353.31323566103646,78.32464599609375,95.83867134072193,41.850974675041535,-1.5418251752853394,-1.3770966529846191,True
24,-204.77200767816146,16.03459930419922,95.69168534046545,43.98559464470005,-0.862885057926178,-2.296842336654663,True
25,-288.9315034550759,91.25196075439453,94.8851374358352,44.64497955667417,-2.3655588626861572,-1.6168066263198853,True
26,-93.08950792645402,46.17979049682617,93.06149825802324,45.151472413995194,-0.8408332467079163,-1.773247241973877,True
27,-260.7362870855367,72.1674575805664,92.5220653901791,46.05139843519939,-2.4875142574310303,-2.0198073387145996,True
28,-129.39606510565838,63.4229850769043,91.1969168245313,46.67455006758401,-1.8317171335220337,-2.459247350692749,True
29,-62.600060874122384,52.54975128173828,90.98794781510635,47.52631908486883,-2.852245807647705,-2.982592821121216,True
30,-339.196305059002,65.04914093017578,89.65346853459224,47.84291266220426,-1.8235869407653809,-1.6963311433792114,True
31,-163.4315240049669,55.46742248535156,88.98124491862389,48.00291748341474,-2.0825493335723877,-2.1513524055480957,True
32,-150.56972837305256,18.998088836669922,88.74145936615739,49.126623200896596,-0.8372437953948975,-1.5323431491851807,True
33,-132.94133723856396,43.1688232421875,88.5604816211973,49.907543010257605,-1.0409806966781616,-2.302854299545288,True
34,-76.26804368340905,16.32573890686035,88.1463955024966,50.64032982010279,-0.45181265473365784,-1.4043420553207397,True
35,-353.2774994326397,105.50794982910156,87.52948246527744,51.037508754192956,-1.4230248928070068,-1.366235613822937,True
36,-233.78990105150336,9.531451225280762,86.87378064154079,51.28392410461658,-1.0414302349090576,-1.757436752319336,True
37,-186.66539374789022,181.81190490722656,85.99954424261564,51.630546019901516,-1.0160976648330688,-1.5002121925354004,True
38,-63.10500564890084,53.77576446533203,85.85807238899308,52.94526952078987,-0.5745135545730591,-1.6118662357330322,True
39,-188.51245129139656,33.359405517578125,85.4058861550389,53.221454643194406,-0.8594653010368347,-1.6125261783599854,True
40,-158.19143320573892,4.190405368804932,85.10680884652668,53.73026621001875,-1.905477523803711,-2.3917431831359863,True
41,-238.86693295438263,47.28004455566406,84.76339353803057,54.12849882230885,-0.29226309061050415,-2.0555970668792725,True
42,-214.85807500697038,87.94580078125,84.39146972662931,54.81761860984799,-3.353760004043579,-2.3461575508117676,True
43,-153.93152580575622,30.14634132385254,84.1323869340632,55.274415840059554,-2.083644151687622,-2.2138917446136475,True
44,-393.2076274103837,176.8802947998047,84.07205580488893,56.00201310546108,-3.194669723510742,-2.5308516025543213,True
45,-305.85284606322193,67.95072937011719,84.26028503477573,57.22689811668955,-2.3902676105499268,-2.2110648155212402,True
46,-267.6808206637909,158.1481170654297,83.66030094036891,57.54226861420002,-1.2498053312301636,-1.941109538078308,True
47,-219.5682823795736,13.202387809753418,82.7662561655407,57.50399988073831,-0.8960452675819397,-1.4656598567962646,True
48,-141.25657979329912,198.57131958007812,82.03224681781617,57.5998121261638,-4.971248149871826,-3.7452337741851807,True
49,-180.4551886649233,67.55516815185547,81.74080560477792,58.018532865590416,-2.944767951965332,-2.8039262294769287,True
50,-249.10438147553344,89.96109771728516,81.4815429842808,58.28798067232569,-3.482448101043701,-2.737985372543335,True
51,-100.76061516604375,185.34375,80.85595403557825,58.454732043242906,-4.058844089508057,-2.749552011489868,True
52,-379.68272696512184,59.2856330871582,80.08997604323788,58.33120178787048,-3.534790515899658,-3.1618590354919434,True
53,-144.23382042037562,5.45281982421875,79.63567971701497,58.6125344456239,-2.349320411682129,-2.166583776473999,True
54,-164.86209934413748,93.05302429199219,79.24407741939444,58.621733286684794,-1.5697625875473022,-2.4108917713165283,True
55,-282.2880248274241,131.34950256347656,78.0325759275497,58.24440784303244,-3.07183837890625,-2.168994903564453,True
56,-230.4360154667336,2.167156934738159,75.788762516324,57.75446092390194,-1.2495585680007935,-1.2165814638137817,True
57,-202.33203577101153,27.324419021606445,75.53822417879793,57.62837224774301,-2.4339582920074463,-3.4592623710632324,True
58,-119.00289116658885,2.9152517318725586,75.26854400442674,57.61854261127832,-1.5621514320373535,-1.7413649559020996,True
59,-228.55180617067126,38.12078857421875,74.39037262770803,56.877236114144885,-2.4311344623565674,-2.3261563777923584,True
60,-284.9891846674533,28.9241943359375,72.25790087913457,55.10640178928802,-1.2805837392807007,-2.2615349292755127,True
61,-54.34867136243989,135.9239501953125,71.64138766140927,54.552847667286215,-2.6860005855560303,-3.56170916557312,True
62,-261.06841086158755,3.53005051612854,70.30466173853681,53.1883592844247,-1.2329034805297852,-1.7727464437484741,True
63,-205.8664729895922,6.649434566497803,70.0699968156802,53.106290526075846,-2.0569140911102295,-2.531564474105835,True
64,-106.62313513707227,13.324338912963867,69.78612245457187,53.04968020732431,-1.3708959817886353,-2.1584670543670654,True
65,-106.33266893001075,2.6983580589294434,69.42486780081681,52.651975123540105,-0.3789716958999634,-0.7444564700126648,True
66,-293.1354705554709,30.99711799621582,68.9501255969198,51.99753546155895,-2.2628111839294434,-1.9683152437210083,True
67,-289.59705534017405,31.110746383666992,68.40439251581827,51.52186954375898,-2.636639356613159,-2.3098886013031006,True
68,-136.6034009131511,48.41516876220703,67.59256862158146,50.79833490744009,-2.5538527965545654,-2.351539134979248,True
69,-268.4881246708886,29.624113082885742,66.65465423068343,49.81550201412042,-1.6756858825683594,-2.4498515129089355,True
70,-60.244772680832725,42.96738815307617,66.17661053849798,49.55217637966871,-3.1999638080596924,-2.558234691619873,True
71,-163.4543079046503,4.632589817047119,65.07214003081187,48.42788984206658,-1.1008697748184204,-1.5217057466506958,True
72,-140.721509966471,3.661560535430908,64.44967076429381,47.77857039178079,-1.2405577898025513,-1.8472777605056763,True
73,-258.7481548811735,72.50128936767578,64.19143792844955,47.50848610094229,-2.313624143600464,-1.9106625318527222,True
74,-120.43140530902535,6.855722427368164,63.84427577633607,47.12629990563989,-2.1531665325164795,-2.620253801345825,True
75,-252.43187456380622,35.15582275390625,63.50833510330745,47.072481942600405,-2.7888176441192627,-2.409733295440674,True
76,-298.52503052882537,7.807301044464111,62.88457289819958,46.39090468514127,-1.5637770891189575,-2.0937042236328125,True
77,-349.8538396398285,31.75669288635254,62.4522262701099,45.821178167371954,-2.2395002841949463,-1.8475501537322998,True
78,-84.2996085017771,5.6925177574157715,61.85002186162616,45.17766562375995,-1.6946831941604614,-2.063380479812622,True
79,-78.58887709145922,42.48457336425781,61.59061492816082,44.82461422258572,-1.8935798406600952,-1.6423261165618896,True
80,-85.67896546324674,106.23668670654297,61.11152784601797,44.032295533176736,-1.2294083833694458,-2.5483076572418213,True
81,-162.4105688738906,36.189632415771484,60.38879029509759,43.152049201127525,-2.017261505126953,-2.131704092025757,True
82,-350.92500640945366,94.78142547607422,59.81337371647034,42.345815766826306,-2.9199209213256836,-2.8171935081481934,True
83,-78.73460865712224,43.57004165649414,59.544910705597,41.97891697282908,-2.2601985931396484,-1.9338303804397583,True
84,-156.57499323407274,12.868663787841797,58.874459033431606,40.87524767157957,-2.224093437194824,-2.523899555206299,True
85,-187.02666097569409,32.74191665649414,58.21875490372521,40.40807806073945,-3.21899151802063,-3.2219200134277344,True
86,-291.63305698451444,94.44355010986328,57.83370087466802,39.87503961690604,-3.979243755340576,-2.732537269592285,True
87,-104.61027274414164,12.712800025939941,57.489507216778065,39.61368311707216,-3.121857166290283,-4.119160175323486,True
88,-217.470192112252,2.956937074661255,56.98172360613121,38.948446866874995,-1.0774143934249878,-1.1998462677001953,True
89,-421.4822438555983,3.234938383102417,56.72444767460534,38.47059337437796,-1.5655869245529175,-1.775749921798706,True
90,-59.28332075926032,2.7712457180023193,56.429313479944895,38.19466239076772,-1.5108839273452759,-1.4815131425857544,True
91,-49.78812616646559,3.180798053741455,55.99384428180638,37.54688663240702,-1.837654948234558,-1.5896350145339966,True
92,-245.46338601444708,12.732208251953125,55.84339883248864,37.52493084576423,-2.103921413421631,-2.7019095420837402,True
93,-28.644512742020737,37.21481704711914,55.59730475882093,37.43479744335545,-1.6712254285812378,-2.493011474609375,True
94,-109.2660351572469,2.3179330825805664,55.25791400631692,37.43003986901362,-0.9361962676048279,-1.0206469297409058,True
95,-129.03836206388667,4.738808631896973,55.01747065054196,36.96203052129864,-0.9572784304618835,-0.5239421129226685,True
96,-214.78892388578697,92.31621551513672,54.2007061020397,35.7915824298253,-1.1275452375411987,-2.285315752029419,True
97,-210.8013908727965,2.587878942489624,53.91740051263322,35.757704729889504,-1.218458890914917,-1.417088270187378,True
98,-175.849618119051,93.81739807128906,53.36850410326699,35.01982298977511,-1.9313143491744995,-1.2857613563537598,True
99,-72.3821401575055,4.503148555755615,53.14350408017845,34.616102215830566,-2.41373348236084,-2.768866539001465,True
100,-39.239076950353734,143.21066284179688,52.99700111691091,34.70616625300426,-5.029624938964844,-3.694169759750366,True
101,-146.5375030029818,48.81266403198242,52.66351751380691,34.291105074032934,-1.499796986579895,-0.9129593968391418,True
102,-116.14698431680713,7.357349872589111,52.25630891883061,33.796921719557176,-1.7461458444595337,-2.0077054500579834,True
103,-192.5180861475752,2.643486261367798,51.6908952263485,33.17126131581441,-1.6290168762207031,-1.6715409755706787,True
104,-119.63426544885716,28.625450134277344,0,31.856788658494576,0,0,False
105,-38.30745507311169,49.42247009277344,49.91921144322625,31.470400326250612,-1.7943373918533325,-1.3688966035842896,True
106,-368.8847000599375,105.47545623779297,49.395363020786995,30.76913607597797,-3.1312813758850098,-2.0364606380462646,True
107,-125.4544597123769,4.738195896148682,48.81041570959999,29.65452091432103,-1.5823906660079956,-1.964356541633606,True
108,-140.70399042893933,9.098855972290039,48.68492506360108,30.04364264313455,-3.2494053840637207,-4.047715663909912,True
109,-130.03092451665884,26.730609893798828,48.06062833203361,29.179567016593346,-2.0475378036499023,-1.8983815908432007,True
110,-150.68153015150335,17.240741729736328,47.966454418754935,29.37504268613212,-1.9734545946121216,-2.187614917755127,True
111,-85.66888768918244,64.44970703125,47.60165504474569,29.085664441245555,-1.0245237350463867,-0.3607516288757324,True
112,-151.8976434037354,11.476326942443848,46.82462065182069,27.73317891644903,-4.869136333465576,-4.2591986656188965,True
113,-339.9303918589276,2.916668653488159,45.99345576790166,26.647356521037057,-0.559537947177887,-0.9333919286727905,True
114,-152.0990376955363,9.28879451751709,45.790488079161946,26.522583354429727,-0.3673219084739685,-0.2494059056043625,True
115,-51.641447082615,5.672060012817383,45.39689718997109,25.83690743468161,-1.8257383108139038,-1.7468054294586182,True
116,-9.218440994309923,8.693456649780273,0,25.135818065821145,0,0,False
117,-54.6967633196644,28.4394474029541,44.17330560122678,25.0546582450783,-2.5016231536865234,-3.235765218734741,True
118,-201.8666756700271,1.8568284511566162,44.00793335835773,24.974666382308694,-0.4896748661994934,-0.5299159288406372,True
119,-253.26350108898106,9.281167030334473,43.576876567394194,24.819366719146547,-2.401045083999634,-2.760179042816162,True
120,-14.351034450240661,40.28409957885742,43.42897105233632,24.619093466133368,-2.2708349227905273,-1.6455613374710083,True
121,-304.98891808567106,8.080860137939453,43.22103394416868,24.33029996659793,-1.0985573530197144,-0.8268061876296997,True
122,-54.177177633990425,2.3282175064086914,42.99323370853879,24.34714488103327,-0.3285263478755951,-0.5437036752700806,True
123,-87.07793508813059,40.05155563354492,42.711682078060534,24.228599138724853,-3.6046481132507324,-3.381673574447632,True
124,-91.28360300399603,5.126181125640869,42.44812865076793,24.119317625819846,-1.4950180053710938,-1.5232577323913574,True
125,-63.82301618491889,5.167864799499512,42.30700643342899,24.05718018037531,-0.6199010610580444,-0.4805402159690857,True
126,-48.67004895787827,26.370601654052734,42.037477412763174,23.575904964799015,-2.1281514167785645,-1.5452992916107178,True
127,-31.43848178574521,10.33447265625,41.77327268614086,23.20586500131861,-3.0538291931152344,-2.8798000812530518,True
128,-154.01670000797395,19.785289764404297,41.4187866005352,22.84491286355764,-1.8662480115890503,-2.505544424057007,True
129,-211.00457330768646,2.544373035430908,41.19138664425129,22.44277373845102,0.3262473940849304,0.25051406025886536,True
130,-95.8014907325479,7.623366355895996,41.00114562956457,22.517444227252735,-1.4137117862701416,-1.6649171113967896,True
131,-207.57519447646257,17.02200698852539,40.38513162922866,21.433744553087433,-2.4364173412323,-2.2255735397338867,True
132,-218.96908663325934,2.1752607822418213,39.990935942026624,21.233934426739246,-0.7069653272628784,-0.9750604033470154,True
133,-291.42154808872857,17.612653732299805,39.48941221677675,20.598655177864572,-3.5079405307769775,-4.072771072387695,True
134,-48.817585745429994,35.12294006347656,0,20.152930442232414,0,0,False
135,-79.58262592604925,3.1346757411956787,38.59598461872411,19.96064957522273,-0.39860454201698303,-0.37596991658210754,True
136,-278.2758848299806,10.81800651550293,38.38687346884827,19.596734595976386,-3.007957696914673,-3.11954402923584,True
137,-16.134661303390097,5.381831169128418,0,19.865402514712333,0,0,False
138,-90.91117842664262,3.6213510036468506,37.614443082151034,19.470120497231413,-0.7296273708343506,-0.8439133763313293,True
139,-218.69070946618058,114.88534545898438,37.431559493763494,19.55107837732374,-1.3591487407684326,-2.1541402339935303,True
140,-291.3380532897203,5.305243968963623,37.200994265569044,19.370695810840445,-2.454923391342163,-2.735767364501953,True
141,-289.4697283792957,4.871565341949463,36.86885003788362,19.489401047864657,-4.148379325866699,-4.196610450744629,True
142,-103.92171318557885,40.76759338378906,36.72281025441729,19.12158152113873,-3.8181591033935547,-3.4336705207824707,True
143,-200.97369779907172,15.272501945495605,36.56440427316214,18.927918361109132,-2.3150758743286133,-1.7217775583267212,True
144,-101.24150698852783,3.143484354019165,36.303509485208025,18.560979395468383,-1.504826307296753,-1.4548784494400024,True
145,-11.452366998587458,88.56761169433594,0,18.438594207551546,0,0,False
146,-249.1099260179073,25.481332778930664,35.64543596777366,18.271144983627536,-1.3673073053359985,-1.7576355934143066,True
147,-206.2913264303432,7.055680274963379,35.25797103797588,18.281348589804427,-0.802485466003418,-1.2524454593658447,True
148,-40.904147316125574,70.32554626464844,35.15693924207323,18.42265016479748,-2.9149866104125977,-1.827123999595642,True
149,-34.25524001643119,5.387231349945068,0,17.97639157747185,0,0,False
150,-96.20580293475707,9.01478099822998,34.56398161750686,17.66738347908587,-4.260006904602051,-4.231096267700195,True
151,-36.48387946287164,4.116616725921631,34.40450380323779,17.470189032099395,-1.647204875946045,-1.5216001272201538,True
152,-258.5904674546738,5.157519340515137,34.01977202128189,16.92111910621558,-0.11825520545244217,-0.33843353390693665,True
153,-246.629965602186,11.864205360412598,33.86156097037771,16.606658819007336,-4.509225845336914,-4.426755905151367,True
154,63.78741410195442,11.408252716064453,0,16.52847472390061,0,0,False
155,-5.316014531610989,5.803543567657471,33.31060806773104,16.538036951864314,-1.5297044515609741,-1.790824294090271,True
156,37.100847583318554,42.285606384277344,0,16.130592881768738,0,0,False
157,-19.29491651672645,10.380023956298828,0,15.830217458352793,0,0,False
158,-64.43692303665264,9.666884422302246,32.37222952402103,15.704804351335659,-2.1649742126464844,-1.5265710353851318,True
159,-193.6364549065118,48.95357894897461,32.28668798110934,15.755235892119847,-2.1593146324157715,-1.353204607963562,True
160,-26.500740705667788,6.858804702758789,0,16.778453973310857,0,0,False
161,-31.666624494170435,6.888040542602539,0,16.166519084616617,0,0,False
162,14.22540520215764,6.191338539123535,0,15.957312640336948,0,0,False
163,-59.17130057767532,5.338813781738281,31.239160430346715,15.990188565067287,1.0812808275222778,0.9792778491973877,True
164,-94.24049770514932,3.9786980152130127,31.076141453375694,15.637274697852659,-1.4553512334823608,-1.2247015237808228,True
165,33.35961531649381,6.242012977600098,0,15.255356387372794,0,0,False
166,1.964597983725229,4.771964073181152,0,14.783507128478673,0,0,False
167,-4.2841946494235685,12.650221824645996,30.28913985697318,14.89062751709353,-0.6973183751106262,-0.8153499960899353,True
168,-124.24007922412657,2.755697011947632,0,14.299815991979203,0,0,False
169,-119.056031691535,4.625759124755859,0,14.748606817727314,0,0,False
170,-121.01336219379368,4.958120346069336,0,14.565755717728212,0,0,False
171,-104.79477326895163,8.562226295471191,0,13.83492272006741,0,0,False
172,-75.82680030939451,2.8523781299591064,0,13.227313128148698,0,0,False
173,-122.34281595610906,27.93378448486328,0,12.972719796398541,0,0,False
174,-55.68064324994865,2.6129748821258545,0,13.185395893872132,0,0,False
175,-36.00710197324264,17.48822593688965,0,13.02074788548017,0,0,False
176,-98.1646917735967,15.438594818115234,0,13.295611022220486,0,0,False
177,-63.462367042556636,6.239526271820068,0,12.561482221836515,0,0,False
178,-126.5640905935829,12.593244552612305,27.368729789535468,12.454661680763719,2.078266143798828,1.4051017761230469,True
179,-64.32385197882901,6.600503921508789,0,12.158263399665085,0,0,False
180,-75.23251425593374,11.456548690795898,0,12.375783461222788,0,0,False
181,-84.1195142400967,1.8278402090072632,0,12.018894537362561,0,0,False
182,-106.48812895046893,2.659332513809204,0,12.134917137379938,0,0,False
183,-67.29522790932661,8.160924911499023,0,12.14511902042165,0,0,False
184,60.125538902740075,2.5262346267700195,0,12.223302573219282,0,0,False
185,-17.140223901654075,1.44404137134552,0,12.116365058446908,0,0,False
186,-81.45650320986259,2.5353927612304688,0,11.6229983833403,0,0,False
187,-51.05669536603193,12.345220565795898,0,11.333840496963328,0,0,False
188,-8.960212638554367,15.127197265625,0,11.172195071340104,0,0,False
189,-6.240009519978873,4.302121639251709,0,11.401512649045827,0,0,False
190,-65.40032912583243,2.425260543823242,0,11.100415890141399,0,0,False
191,-59.8797076487877,2.879385232925415,0,10.899820654149886,0,0,False
192,-325.10981800438344,4.562803268432617,24.529129657522002,10.893910826403895,3.883608341217041,3.4743523597717285,True
193,-28.986955460739583,2.8959834575653076,0,10.738925141040147,0,0,False
194,-101.1346292534489,3.9435620307922363,0,10.783215013060847,0,0,False
195,18.728704277820377,1.512508511543274,0,10.842740065786918,0,0,False
196,-80.7484143052459,20.73638916015625,0,10.494236578259901,0,0,False
197,-55.06546711146919,4.02441930770874,0,10.478929294594009,0,0,False
198,-81.18903983274826,1.9522463083267212,0,10.301992925266633,0,0,False
199,25.86894246469079,40.544254302978516,0,10.076435367847408,0,0,False
200,-86.3607068763058,4.688053607940674,0,9.679499170958586,0,0,False
201,-117.21148467074518,4.105904579162598,0,9.597899500663814,0,0,False
202,-105.54606171134215,2.1642961502075195,0,9.57329660311799,0,0,False
203,-102.48901132959286,2.770829439163208,0,9.45200294011406,0,0,False
204,-126.16111526289242,3.3803648948669434,0,9.602105696286793,0,0,False
205,-41.4155959959571,21.34432029724121,0,9.866503219987647,0,0,False
206,-123.41562684537037,2.7102837562561035,0,9.994245701319036,0,0,False
207,0.6783631620975168,1.9688258171081543,0,9.75787522959872,0,0,False
208,-50.732820027381806,2.3690836429595947,0,9.047358150709377,0,0,False
209,-42.59148756246615,8.321731567382812,0,9.07083775536026,0,0,False
210,-26.061234462580078,3.341008424758911,0,9.156689065934279,0,0,False
211,-53.08461834292065,6.166508674621582,0,9.754125193738725,0,0,False
212,-2.833644205351809,2.1209871768951416,0,9.837525178945768,0,0,False
213,-58.72364304123383,1.9649627208709717,0,9.936048340411284,0,0,False
214,-53.788811917861956,17.390989303588867,0,10.246955606046884,0,0,False
215,-95.17380404819018,1.6972209215164185,21.164031559867784,10.257096158674917,5.91820764541626,6.040455341339111,True
216,-54.95479028148243,22.338197708129883,0,9.949920208667095,0,0,False
217,-78.23552293115125,13.274209976196289,0,9.770046739104929,0,0,False
218,-88.1239525691374,2.373065948486328,0,10.1932107268516,0,0,False
219,-64.11024990723887,2.054377794265747,0,9.887916124375423,0,0,False
220,1.452140558583712,4.7613043785095215,0,9.73336465172921,0,0,False
221,-46.151854498107056,1.8279857635498047,0,9.502225597467588,0,0,False
222,-47.147642460418524,3.810662031173706,0,8.981037808746485,0,0,False
223,-89.67282517945712,2.093148946762085,0,8.605932538810993,0,0,False
224,167.73150777381574,5.926736354827881,20.137482759919074,8.33919682742963,7.687483787536621,7.865906715393066,True
225,-14.663730210769419,8.345317840576172,0,7.823276621360289,0,0,False
226,-61.125621878968026,2.1817173957824707,0,7.753116631016447,0,0,False
227,-65.21691249067366,2.890314817428589,0,7.393921709098967,0,0,False
228,-36.778710675665884,7.439608097076416,0,7.159688330260648,0,0,False
229,-91.8339487655992,17.911670684814453,0,7.137859174395055,0,0,False
230,-64.17230322173806,1.4342669248580933,0,7.203303807990641,0,0,False
231,-70.59198571632875,2.1731534004211426,0,7.249645986577492,0,0,False
232,-312.5711241442971,2.8898305892944336,19.29677755443471,7.20915282694874,7.274275302886963,7.149684429168701,True
233,-124.65141148826928,1.44001305103302,0,7.239426941902284,0,0,False
234,-82.66726020823928,2.1994569301605225,19.18314424982975,7.40581346831663,7.919052600860596,8.159736633300781,True
235,62.85386703795543,59.74406051635742,0,7.25271131733538,0,0,False
236,-4.991589653550384,1.4474148750305176,0,6.824486231544696,0,0,False
237,-77.0176166909764,2.5184624195098877,0,6.389016279126525,0,0,False
238,-79.32857617734545,3.2767574787139893,0,6.011499287551111,0,0,False
239,-122.7010684875433,2.998317003250122,0,5.884671128933975,0,0,False
240,-40.12109285295457,1.715287446975708,0,5.744066686145418,0,0,False
241,-104.00561926220976,1.3759090900421143,0,5.647532845981581,0,0,False
242,-51.59592289822634,1.5744634866714478,0,5.510105256649431,0,0,False
243,-27.13912733356661,4.534404754638672,0,5.355032317687137,0,0,False
244,-69.5561756489899,2.1613388061523438,0,5.320445052720205,0,0,False
245,-68.63966044331664,8.614704132080078,18.040801296373516,5.378557976378942,6.91995096206665,7.132844924926758,True
246,-60.96257676374038,1.6640948057174683,0,5.182608361419158,0,0,False
247,-29.227654518905467,2.0810608863830566,0,5.04209121443396,0,0,False
248,-18.837807911746157,2.149042844772339,0,4.652539620273971,0,0,False
249,-19.994257235731983,1.7405188083648682,0,4.649445095934835,0,0,False
250,-28.50627717884991,1.308725357055664,0,4.4996003812900485,0,0,False
251,-362.52053786783665,4.2953643798828125,17.432048131418714,4.750719311544658,8.99512767791748,8.519421577453613,True
252,-54.65886341034472,3.075434446334839,0,4.82384604179564,0,0,False
253,-61.82891668515633,1.975856900215149,0,4.556015483269835,0,0,False
254,-62.87656119079611,1.47420072555542,0,4.546110749256727,0,0,False
255,-75.55676652378985,1.1963187456130981,0,4.584049323958419,0,0,False
256,217.07099595273343,1.3857150077819824,16.994699097044105,4.4211415965982805,7.35619592666626,7.374996662139893,True
257,167.21385145961247,1.3700121641159058,16.939015740722176,4.282431740818587,8.900836944580078,8.918423652648926,True
258,-42.374860989693204,1.1002787351608276,0,4.198129755232323,0,0,False
259,-29.571772976835014,2.431333065032959,0,3.954434637109134,0,0,False
260,-27.495382095387942,1.110398292541504,0,3.944730658388216,0,0,False
261,-35.50136777770329,2.2500593662261963,0,3.784686207811966,0,0,False
262,-57.71163777627157,0.9831814169883728,0,3.647981466764773,0,0,False
263,145.37456067435346,3.640035390853882,16.40252324402091,3.6104639680990687,6.41379976272583,6.87611198425293,True
264,-72.76734704574228,12.3031005859375,0,3.6627969508778047,0,0,False
265,15.309264065553936,1.2337697744369507,0,3.42898339235143,0,0,False
266,-59.60567267572182,1.14324152469635,0,3.433381049081691,0,0,False
267,195.6459629422092,2.497760534286499,16.066805303489375,3.4299792132959053,8.42914867401123,8.375134468078613,True
268,-34.68271800883188,2.1466474533081055,0,3.307765644059643,0,0,False
269,-59.62945713657595,0.7619973421096802,0,3.2732073420913017,0,0,False
270,-47.95325275989641,1.3870683908462524,0,3.1425203928444274,0,0,False
271,198.63677297468683,1.3492591381072998,15.718879307509146,2.975474888004602,8.688207626342773,8.716273307800293,True
272,225.0017476595706,0.9713189005851746,15.672508610099994,2.8834926974803303,8.969391822814941,9.116957664489746,True
273,-40.667997223046704,1.124828815460205,0,2.9588379619706493,0,0,False
274,-45.376589652187526,0.7625851035118103,0,2.7820240261424924,0,0,False
275,-34.75813673642453,1.4459187984466553,0,3.1702759393373534,0,0,False
276,-42.71181680241355,2.2483978271484375,0,3.0066483062037164,0,0,False
277,-50.31199674214293,0.95512455701828,0,2.764759434813796,0,0,False
278,282.7094826838078,1.068515658378601,15.216943761306833,2.739648267285012,7.726619720458984,8.03304386138916,True
279,-11.589011156159152,0.7407439947128296,0,2.4349650739204276,0,0,False
280,119.58729884997159,2.0225017070770264,15.072543618129416,2.293703200126591,8.4251708984375,8.167677879333496,True
281,-14.512366561690806,1.4427807331085205,0,2.4537041976614016,0,0,False
282,185.23542681630346,1.2241666316986084,14.931933279286573,2.4071495723146548,6.987368106842041,7.081807613372803,True
283,-41.32155968292359,1.278281331062317,0,2.5050934856208165,0,0,False
284,-62.55108329164294,0.9303510785102844,0,2.4912291980363106,0,0,False
285,187.42201705877284,1.1386613845825195,14.731335756777701,2.4244448128613616,8.864677429199219,8.871224403381348,True
286,-36.72750370919291,2.066418409347534,0,2.700890667129915,0,0,False
287,-23.882542068934836,0.6543688178062439,0,2.4732150203156995,0,0,False
288,-106.51436803656023,85.73190307617188,14.581257169599057,2.7427903188887974,8.183183670043945,7.417378902435303,True
289,-43.26345056351445,4.779110908508301,14.568446956555968,2.7103340955447135,9.021075248718262,8.904102325439453,True
290,-28.667007702316578,0.9781587719917297,0,2.6509737161828264,0,0,False
291,-33.364863132786816,0.6951783299446106,0,2.5056054733772415,0,0,False
292,-190.4733620167022,2.9464964866638184,14.410550405523447,2.584100372040756,8.442320823669434,8.521025657653809,True
293,-76.73183246547227,3.6916613578796387,0,2.6422912215141827,0,0,False
294,227.07703490168797,0.8200711607933044,14.30697907972748,2.7573295444739196,9.652384757995605,9.764065742492676,True
295,-46.41784708915745,1.1248093843460083,0,2.908949199262174,0,0,False
296,33.51873559414518,0.7714064717292786,0,2.946292634373507,0,0,False
297,-45.22241387454837,0.9322554469108582,0,3.05253393686819,0,0,False
298,-63.92984560157293,88.22245788574219,0,3.3810233008600292,0,0,False
299,116.12729488951909,1.1167601346969604,13.993685285830388,3.302461171403884,8.446745872497559,8.76833724975586,True
300,100.70276720987007,0.7137868404388428,13.932926199602207,3.297476210059753,7.749285697937012,7.64661979675293,True
301,-22.403709247903965,4.777867794036865,0,3.209814328543798,0,0,False
302,213.29729495609212,0.505605161190033,13.839359839512502,3.2276944070705165,9.82575511932373,9.719663619995117,True
303,-49.81201085971742,2.2099738121032715,0,3.483618823266733,0,0,False
304,-42.00468162441422,0.5106125473976135,0,3.5992507474146906,0,0,False
305,54.493678132274766,1.1912035942077637,0,3.4989985942536554,0,0,False
306,-199.15223038405748,79.84927368164062,13.623455959512535,3.7084256135146267,10.752782821655273,9.854010581970215,True
307,250.67577522121238,0.6372308135032654,13.592222366343355,3.550934384606228,10.142454147338867,10.240866661071777,True
308,-310.37355413604496,0.7865586876869202,13.565659784134056,3.5608437886369044,9.919769287109375,9.7437105178833,True
309,-68.36912696375406,1.593824863433838,0,3.7695340235553316,0,0,False
310,-259.10300096581057,0.7677574157714844,13.487556683295365,3.730306732536054,10.98482608795166,10.738411903381348,True
311,16.679684499279183,1.0585931539535522,0,4.235259157719383,0,0,False
312,-40.4837503636051,36.16975784301758,0,4.04889816964163,0,0,False
313,67.83457441992587,0.5778904557228088,13.347680054533432,4.338647035447235,10.49094295501709,10.399806022644043,True
314,7.4541948258782345,1.0751473903656006,0,4.111944168150165,0,0,False
315,-153.72750854574917,3.1772146224975586,13.291127811743827,4.251979566321672,9.882797241210938,10.058046340942383,True
316,203.64147134955368,0.7771409153938293,13.252810589522223,3.939595034921443,8.585127830505371,8.71602725982666,True
317,-29.167127722159915,0.9134564995765686,0,4.384627682164346,0,0,False
318,-121.72187193533064,0.6594173908233643,13.207192913745565,4.311909339358303,9.608089447021484,9.629942893981934,True
319,-62.61215088053954,0.7826107144355774,0,4.58953429659118,0,0,False
320,-47.83574094264731,1.2732739448547363,0,4.454007796797426,0,0,False
321,-19.105442893933972,0.7736952900886536,0,4.409442342869228,0,0,False
322,213.66346664734266,1.2442033290863037,13.049691616399903,4.563134745542399,8.775298118591309,8.858031272888184,True
323,-163.37034072071668,1.4948562383651733,13.046004081835461,4.624454796495515,9.037677764892578,9.136700630187988,True
324,-4.878588155986777,1.814371943473816,0,4.685778040120506,0,0,False
325,-59.5772772573099,3.627317428588867,0,4.467136441090493,0,0,False
326,-105.95852885303114,1.277101993560791,12.946563346855532,4.43002030841617,8.441794395446777,8.694124221801758,True
327,161.80100352768915,1.5112159252166748,12.909708478057595,4.437024264859345,9.260758399963379,9.383628845214844,True
328,193.2326384798984,2.5850863456726074,12.874720935678546,4.49245784532511,8.922609329223633,8.992415428161621,True
329,14.245289579891915,1.8195525407791138,0,4.3626377984444344,0,0,False
330,-63.07982249474295,1.0291404724121094,0,4.281896879666086,0,0,False
331,272.79544495724656,2.5703125,12.765182371392488,4.361372121194547,8.699044227600098,8.780938148498535,True
332,68.96628882273426,2.008899688720703,0,4.836475369665701,0,0,False
333,43.415256784310856,5.2877631187438965,0,4.542633556026719,0,0,False
334,139.07056468599154,2.8493285179138184,12.657910789499393,4.58375790808679,9.013014793395996,9.323360443115234,True
335,8.084654000069344,1.5970885753631592,0,4.425029195803772,0,0,False
336,-20.007201302356897,1.6998010873794556,0,4.697202040042143,0,0,False
337,194.4677995028539,0.6473935842514038,12.556775110863775,4.770277934537212,10.976198196411133,10.912304878234863,True
338,213.23867251161957,2.413142681121826,12.522386765571285,4.57339399536767,10.005813598632812,10.126791000366211,True
339,-111.1767306423877,0.7359880805015564,12.518344857852021,4.624499860759917,9.809711456298828,10.053781509399414,True
340,-42.55256008074585,0.8461962938308716,0,4.52768165555808,0,0,False
341,245.4416312910634,0.4597867429256439,12.457693078945326,4.501472106103992,9.891542434692383,9.822327613830566,True
342,-54.60316332765967,31.969839096069336,0,4.787881700794721,0,0,False
343,-7.761222684085223,3.545740842819214,0,4.74033012067203,0,0,False
344,-56.11599378657155,1.6679445505142212,0,4.768771097560759,0,0,False
345,-32.06576578822629,0.6094106435775757,0,4.779417433846043,0,0,False
346,-74.58620164085806,2.2146003246307373,0,4.738782242481199,0,0,False
347,-54.42219765541624,57.07179641723633,0,4.923531568722304,0,0,False
348,-19.76883297964085,1.3985400199890137,0,4.562022902888953,0,0,False
349,187.44838821139325,3.316605567932129,12.174377966394077,4.260426400085991,8.864988327026367,8.916004180908203,True
350,168.23196566855256,3.2743685245513916,12.14937578562087,4.5996173834241,10.133228302001953,10.411653518676758,True
351,-38.40787633971136,0.918616771697998,0,4.72102932664925,0,0,False
352,138.3784015534754,0.957060694694519,12.085686228491381,4.641675127610907,9.351184844970703,9.179970741271973,True
353,-10.183016233992547,1.0063519477844238,0,4.67576711814114,0,0,False
354,-34.214498992930345,0.8895947337150574,0,4.857423049682693,0,0,False
355,-48.45173698551842,0.652715265750885,0,4.921007226109198,0,0,False
356,-50.35447108148693,0.6421656608581543,0,4.6850800806512485,0,0,False
357,153.34470376245977,2.044097900390625,11.928616425777074,4.997602598767382,11.318573951721191,11.330954551696777,True
358,4.541134666509483,1.6926989555358887,0,4.637367322058824,0,0,False
359,-1.888937529219674,0.6552138924598694,0,4.7966011078954205,0,0,False
360,-13.962344752162139,0.5861303806304932,0,4.427717014851251,0,0,False
361,-8.13461820201072,0.6034650802612305,0,4.2661393918320645,0,0,False
362,-44.95056320511311,0.9198197722434998,0,4.2340880711948925,0,0,False
363,-33.05174593561923,1.169153094291687,0,4.314145592746615,0,0,False
364,0.23017592683957427,1.5928012132644653,0,4.141367076697282,0,0,False
365,-40.85461455628424,1.234474778175354,0,4.048769558035581,0,0,False
366,187.33394904108172,0.9902083277702332,11.620073854306355,4.002756094962502,11.074036598205566,11.348370552062988,True
367,-16.20016547473898,0.5802797675132751,0,4.096700843551922,0,0,False
368,-66.29023182554637,97.49388122558594,0,4.6372949973050765,0,0,False
369,-39.46209933199377,0.6091376543045044,0,4.343554900537263,0,0,False
370,-26.68368523605037,0.80445396900177,0,4.162237196552432,0,0,False
371,-4.110414632138396,0.8927876353263855,0,4.199737051517652,0,0,False
372,-40.25495865972388,0.8999781608581543,0,3.805706559212318,0,0,False
373,36.850143341791814,0.5519817471504211,0,3.8128760280398097,0,0,False
374,-8.01897805659585,1.8802807331085205,0,3.9042541602757184,0,0,False
375,12.681542001642066,1.4186980724334717,0,4.0867644306559425,0,0,False
376,-41.33489618392606,0.9136830568313599,0,4.213030187724586,0,0,False
377,-35.64008677393817,0.6161884665489197,0,4.045905130338248,0,0,False
378,-10.388330983265703,1.1196047067642212,0,4.065921390083619,0,0,False
379,-1.4422514674638134,0.7646912932395935,0,3.8587174090406995,0,0,False
380,-46.525623316584564,1.0507073402404785,0,4.202034416848634,0,0,False
381,-24.56885569800835,3.2099242210388184,0,4.290821475638147,0,0,False
382,221.94904199066752,2.351494312286377,11.141408253882057,4.164752126239252,9.551501274108887,9.688271522521973,True
383,-13.820900855968747,1.0662319660186768,0,4.087777553159843,0,0,False
384,-11.778011396112056,0.5470090508460999,0,4.008734450553018,0,0,False
385,168.7213489656832,1.50787353515625,11.054639884958569,3.8862222684489334,11.058695793151855,11.235190391540527,True
386,6.732944372477795,0.6145837903022766,0,3.9700952348230776,0,0,False
387,187.5620262293147,0.7423997521400452,10.99935623592362,3.7217456616924465,11.640399932861328,12.017462730407715,True
388,206.38141047885884,1.8004602193832397,10.981356672948658,3.7510922654015375,10.738089561462402,10.946467399597168,True
389,149.50647742765452,1.8845462799072266,10.952329925908211,3.609218242512431,10.013285636901855,10.297907829284668,True
390,13.98205014085672,0.6026145219802856,0,3.7396932980003292,0,0,False
391,159.7435366843001,2.4938724040985107,10.908518880066074,3.8583854206547796,10.166983604431152,10.119050025939941,True
392,-42.799186176646806,1.0870383977890015,0,4.031005315438992,0,0,False
393,-6.106842585735995,3.0776987075805664,0,3.8317705767267936,0,0,False
394,174.96553529379202,0.656129002571106,10.826305268346797,3.6412620099536874,9.853377342224121,9.796147346496582,True
395,-10.029463925437673,2.835503578186035,0,3.8720335621000035,0,0,False
396,-18.59957735474088,0.7107298970222473,0,3.721133606227239,0,0,False
397,210.37395630358714,4.740635395050049,10.753787064395983,3.7640360568026403,10.400704383850098,10.505691528320312,True
398,-8.784036183359538,0.39440658688545227,0,3.7628770525118624,0,0,False
399,-37.92763829670665,0.8867853879928589,0,3.695720588793023,0,0,False
400,170.40619012556738,0.7075176239013672,10.678605167857375,3.7679801198207596,10.280946731567383,10.218819618225098,True
401,180.47864945573176,1.1781857013702393,10.658211235214102,3.8110118724051096,11.682331085205078,11.869999885559082,True
402,-14.967325635472964,5.470048904418945,0,4.346198032329183,0,0,False
403,-19.245822970606827,0.7705402970314026,0,4.462563504745848,0,0,False
404,138.1422069461101,0.5320178866386414,10.591004955702003,4.156365415597477,12.832447052001953,12.856978416442871,True
405,-19.12756378929689,0.592215359210968,0,3.8697391513970074,0,0,False
406,245.06087997352492,74.05433654785156,10.549481702711105,4.026638667137789,11.587538719177246,10.989253044128418,True
407,195.86511234635998,1.233534812927246,10.535777551936551,4.230240140678575,8.985766410827637,9.177396774291992,True
408,226.55254547956292,0.5446674227714539,10.522319542095923,4.122197335284912,12.794157028198242,12.842777252197266,True
409,-15.531751976238318,1.0605056285858154,0,3.708660900108165,0,0,False
410,-79.59680330530654,0.7815142869949341,0,3.5420982098072966,0,0,False
411,252.20532292711368,1.385530710220337,10.456643175272381,3.9460357189584774,11.014155387878418,10.685717582702637,True
412,214.71245016315353,0.5223678350448608,10.436201338227638,3.7942364522328096,11.251396179199219,11.338202476501465,True
413,32.01108738235109,1.4327398538589478,0,3.694868693556977,0,0,False
414,247.46283910212694,2.361924886703491,10.397427325391545,3.6828301751227808,9.491493225097656,9.511154174804688,True
415,138.77852803538727,1.7522594928741455,10.37565011097384,3.8227453312334068,10.810309410095215,10.92910099029541,True
416,-55.45718400684638,0.9259142279624939,0,3.788884380151028,0,0,False
417,23.913506276644185,0.5640997290611267,0,3.813933758285132,0,0,False
418,-48.265188753682736,0.45379531383514404,0,3.930176553207401,0,0,False
419,-31.355866425632602,0.6018182039260864,0,4.066247111591631,0,0,False
420,-13.180744013119854,4.215514183044434,0,4.062156807779701,0,0,False
421,-55.438250526502834,1.2544316053390503,0,4.291017026104109,0,0,False
422,-59.35736212400929,0.6135695576667786,0,3.894059040900756,0,0,False
423,4.245647623524001,71.47846221923828,0,4.113760569934545,0,0,False
424,-76.24434178722281,0.7130488157272339,0,3.880572249579795,0,0,False
425,-56.68232726034896,0.44866061210632324,0,3.6793748774102344,0,0,False
426,-33.07634164492883,3.546567678451538,0,3.666265996132332,0,0,False
427,-6.44756441330711,3.5013670921325684,0,3.6485793782532667,0,0,False
428,-12.31072159850058,0.5260100960731506,0,3.4367871574129323,0,0,False
429,-32.923420891313164,0.46694785356521606,0,3.2446526478920314,0,0,False
430,15.92974924790181,0.4795663058757782,0,3.2487464958799603,0,0,False
431,-30.897592110927018,0.4678933918476105,0,3.2387098289254905,0,0,False
432,141.8017080669382,0.48109138011932373,9.97603905920772,3.2956702295885605,11.503475189208984,11.583444595336914,True
433,-26.17802506616231,4.849745750427246,0,3.3138551097034115,0,0,False
434,8.9806289332771,0.43893951177597046,0,3.290023337176176,0,0,False
435,-20.55495135657612,1.1633392572402954,0,3.316235454709873,0,0,False
436,-34.05489354465351,0.5401203632354736,0,3.367212802739901,0,0,False
437,-20.65441005770695,0.6596454977989197,0,3.227165207771567,0,0,False
438,125.7484308475378,0.45755693316459656,9.837597622572604,2.9783107177706687,11.092529296875,11.088044166564941,True
439,176.98704551549832,0.5075708627700806,9.819650850571376,3.1434509577343475,12.587695121765137,12.768712043762207,True
440,97.6242477372243,0.408902108669281,9.794971121831445,3.0022659846639987,12.987913131713867,13.08254623413086,True
441,160.70866496852818,2.1315979957580566,9.776943450858171,3.0732692948308045,14.470207214355469,14.72622299194336,True
442,-15.026669038741646,0.5764238834381104,0,3.1245293513111716,0,0,False
443,-3.8253816796319455,0.858636736869812,0,3.1446394362767727,0,0,False
444,192.44314114914732,0.8841078877449036,9.719491175574124,3.052226985196892,9.78954029083252,9.795405387878418,True
445,-49.44853715379945,0.5115868449211121,0,2.9477534583576737,0,0,False
446,-63.486823129987826,0.5231142044067383,0,2.823141882349547,0,0,False
447,6.217893329925227,0.5172598361968994,0,2.8472821562501314,0,0,False
448,159.30086358076824,0.37060341238975525,9.627855544060957,2.5950497143112528,9.766761779785156,9.885854721069336,True
449,174.85105918813719,0.3564985990524292,9.613804773152731,2.725383971535142,9.354182243347168,9.455814361572266,True
450,162.83568173084586,0.6128708124160767,9.601976416365432,2.9172184512509762,10.465495109558105,10.645221710205078,True
451,-67.55229302608211,0.5724521279335022,0,2.9407953255298063,0,0,False
452,-62.67243747515249,4.379140377044678,0,2.9038590022040216,0,0,False
453,-82.45245146414254,57.30138397216797,0,2.9114443079705934,0,0,False
454,209.35429505864613,0.49242350459098816,9.524058896599133,2.8546766893666575,11.223315238952637,11.177988052368164,True
455,227.19131426852118,0.38218557834625244,9.512851801304434,2.9051576023682544,9.904471397399902,9.876138687133789,True
456,229.48275256060762,0.5558897852897644,9.498798469409438,2.833800538136241,9.944988250732422,10.338638305664062,True
457,-74.35619751948849,6.674994468688965,0,2.585300726155035,0,0,False
458,37.74520593057938,0.5402296185493469,0,2.7071549953795304,0,0,False
459,191.41910266043107,0.7017596364021301,9.44179484299933,2.8463532449725486,9.819296836853027,9.94033145904541,True
460,227.40694276229596,0.5027562975883484,9.425679108324847,2.732779065634249,11.809566497802734,12.070274353027344,True
461,-62.79264908971335,0.4042972922325134,0,2.6528779982953066,0,0,False
462,-72.99532815866532,4.79759407043457,0,2.763018992582592,0,0,False
463,99.7627523403685,0.4804757535457611,9.36425105299622,2.617970021780005,10.832415580749512,10.78987979888916,True
464,207.21336096673474,0.4577127695083618,9.353324786665866,2.644663169050245,9.599474906921387,9.661283493041992,True
465,-79.14014422136077,0.8642475008964539,0,2.899866496412179,0,0,False
466,-58.79835983549323,0.4722450077533722,0,2.718530745262619,0,0,False
467,216.0170144633189,0.5623456239700317,9.3017920452794,2.801777481604798,10.575118064880371,10.532685279846191,True
468,153.81725636503526,1.8369837999343872,9.279472535404318,2.6740342308580667,12.054804801940918,12.048224449157715,True
469,169.01625105987173,0.9637718200683594,9.26717894848264,2.6563828973900887,8.837774276733398,8.788028717041016,True
470,110.68614780836735,0.5900930166244507,9.254235590750783,2.6472794304251615,10.846274375915527,11.010672569274902,True
471,215.12007447742852,0.4079297184944153,9.241771441256853,2.6277747543433723,11.11397933959961,11.142809867858887,True
472,-94.56696641783428,0.36185869574546814,0,2.663520784009655,0,0,False
473,-81.93673956252836,0.6418430805206299,0,2.9061151913397034,0,0,False
474,-105.70076759105602,0.4847480356693268,0,3.0324744586173744,0,0,False
475,-95.72700935646291,0.5023581385612488,0,3.254783181133388,0,0,False
476,216.02951246549048,40.33120346069336,9.155800793658853,3.1156299101844445,13.680888175964355,13.129626274108887,True
477,168.8715121271035,0.7148534059524536,9.144594976042884,2.949540539242851,13.085097312927246,13.000723838806152,True
478,201.85886048996673,0.40417563915252686,9.137898432273252,3.203659137588642,12.036608695983887,11.980627059936523,True
479,-86.5487785052492,3.7936315536499023,0,3.434197323812352,0,0,False
480,-91.60989802603982,0.49954527616500854,0,3.259102145660769,0,0,False
481,229.71809416540992,1.5728062391281128,9.0951115657835,3.253136033057302,10.92443561553955,11.104147911071777,True
482,91.16264090495271,5.013235569000244,0,3.0992802861985282,0,0,False
483,-42.01266379251538,1.9785637855529785,0,3.266497938964241,0,0,False
484,229.48978416413922,0.4883895516395569,9.047961387755416,3.221918231938787,12.36156177520752,12.253165245056152,True
485,202.02110723148712,0.5622624158859253,9.03806041402233,3.1572823376760564,11.923624992370605,11.96420669555664,True
486,110.91487520895322,0.56451416015625,9.021622940104633,3.1824956473951858,10.788358688354492,10.879800796508789,True
487,-51.64922327782956,0.44674620032310486,0,3.1757522688628432,0,0,False
488,-63.06053240001758,0.5372948050498962,0,3.045787499058522,0,0,False
489,-73.35888669076498,0.5609863996505737,0,3.2602081775071086,0,0,False
490,-46.45769641856642,0.6266016364097595,0,3.5574957852512177,0,0,False
491,184.20471738845987,0.517869234085083,8.9477635155204,3.6138059929301556,11.844992637634277,12.061528205871582,True
492,132.67069694434304,10.85273551940918,8.938894631042702,3.689115728416197,11.315595626831055,10.846235275268555,True
493,225.22771195067696,0.9476255774497986,8.929635540286716,3.737218848807294,12.645270347595215,13.145578384399414,True
494,160.94801307948504,3.120802879333496,8.917341356187702,3.7087226255066668,12.475133895874023,12.476384162902832,True
495,192.4311127572753,0.44600439071655273,8.906130204529944,3.5150867719295142,12.731301307678223,12.824626922607422,True
496,165.65533455847932,42.63923263549805,8.89877390565332,3.609161974634022,12.641477584838867,11.59360122680664,True
497,20.14584584995188,0.7082985639572144,0,3.63362201942264,0,0,False
498,279.13713660655117,0.3420294225215912,8.87806396418179,3.6914221575313704,13.942094802856445,14.050102233886719,True
499,190.98542924572212,0.4317360520362854,8.869497762051466,3.5562204715628973,13.787752151489258,13.946630477905273,True
500,174.55256907530327,0.4051212966442108,8.860842665869805,3.4692047730159086,14.201682090759277,14.19023323059082,True
501,-40.19132115854565,0.5878356695175171,8.854046676851803,3.428089024423434,13.966348648071289,13.83598804473877,True
502,-26.362891049780373,0.6503463387489319,0,3.4947726845248637,0,0,False
503,-51.095052988987945,1.8359397649765015,0,3.5522663155400513,0,0,False
504,169.83931875001093,0.5053480267524719,8.816198971047083,3.4985892515200225,12.539960861206055,12.407934188842773,True
505,217.04323912425014,0.5829876065254211,8.809560248342422,3.496815510047178,12.795473098754883,12.640229225158691,True
506,260.622642108181,1.3286809921264648,8.805554453045833,3.7184551541393707,13.402583122253418,13.559999465942383,True
507,143.41869765460453,0.43086087703704834,8.798154580017442,3.5839537142803968,14.336349487304688,14.169455528259277,True
508,213.7460403847686,0.6269364356994629,8.789371458994381,3.8310645542175332,13.653552055358887,13.817270278930664,True
509,164.8827087088506,0.9642515182495117,8.782819527644152,3.7574306581563524,11.029150009155273,10.954119682312012,True
510,264.8799682734632,0.2880886495113373,8.776881480028523,3.697321227088939,12.164835929870605,12.135323524475098,True
511,186.6988550402034,2.0020763874053955,8.766096191978772,3.6045806515654504,13.88545036315918,14.072477340698242,True
512,-100.48268836229825,0.46784907579421997,0,3.664494050655326,0,0,False
513,206.92184576460352,0.5133718848228455,8.74421469692485,3.734297590137949,13.56956958770752,13.412629127502441,True
514,225.37218535984192,1.136332631111145,8.735641385159427,3.5715630288831917,14.985519409179688,15.02513313293457,True
515,229.7695029977101,0.42054373025894165,8.727827050467353,3.4617516338195333,13.375527381896973,13.272165298461914,True
516,198.25584908353602,0.5252622365951538,8.716089613767277,3.424387697703045,13.06724739074707,12.964997291564941,True
517,231.0130357091489,0.32787176966667175,8.710428845866279,3.443605745947564,13.416769981384277,13.298371315002441,True
518,-51.48720091694801,8.712183952331543,0,3.6274705537304044,0,0,False
519,166.00097070430581,2.175719976425171,8.690531999960871,3.6368562669375963,12.715442657470703,12.578410148620605,True
520,236.2171218544072,0.4772094190120697,8.68223026433263,3.712470829060472,18.001523971557617,18.14946174621582,True
521,200.99105912161156,14.081151008605957,8.67466662895166,3.791140991510487,11.946857452392578,11.523703575134277,True
1,-62.94834845016992,95.01570892333984,True
2,-197.13541911152768,22.979677200317383,True
3,-48.916064384622004,30.22396469116211,True
4,-310.75775647269995,19.95418930053711,True
5,-259.90760222907363,70.80191040039062,True
6,-118.5879871640879,79.15154266357422,True
7,-131.0313023003211,72.20964813232422,True
8,-98.68543372643944,11.382397651672363,True
9,-131.2837748528355,224.88612365722656,True
10,-175.59046423617758,16.406763076782227,True
11,-69.74709828950414,161.7449951171875,True
12,-178.80994149081684,89.14875030517578,True
13,-335.75101268327194,32.45376968383789,True
14,-253.84806637810289,53.25531005859375,True
15,-347.62747543573124,4.131259441375732,True
1,-103.37699913063616,1.822487711906433,True
2,-168.26384332193848,4.300127983093262,True
3,-241.02186915244482,3.4499125480651855,True
4,-89.20304610258782,2.11983585357666,True
5,-234.28374476514244,10.75280475616455,True
6,-136.94964359824374,27.57622528076172,True
7,-115.02328570328483,72.6448974609375,True
8,-101.46733670566482,73.07057189941406,True
9,-130.8018615552976,6.566192626953125,True
10,-215.35086601215033,2.081028699874878,True
11,-189.22627731058282,112.95694732666016,True
12,-207.42020483590107,6.631993293762207,True
13,-116.26232606420712,108.19915008544922,True
14,-78.70545941298789,84.08618927001953,True
1,-226.84558946357384,0,True
2,-82.88634918436594,6.899731159210205,True
3,-204.45647864323632,2.83825421333313,True
4,-95.7628682734986,53.2486572265625,True
1,-132.41015184867004,0,True
2,-178.96149872975045,2.6942012310028076,True
3,-55.214986616704074,5.099403381347656,True
4,-332.4741217137515,2.0468764305114746,True
5,-96.73207537723552,1.8790299892425537,True
6,-355.60362515517846,3.447849750518799,True
7,-99.61550202770218,3.0635225772857666,True
8,-113.002636192643,48.264339447021484,True
9,-100.20779938314523,57.961639404296875,True
